-- phpMyAdmin SQL Dump
-- version 5.2.0
-- https://www.phpmyadmin.net/
--
-- Host: 127.0.0.1
-- Generation Time: Mar 23, 2023 at 01:21 PM
-- Server version: 10.4.24-MariaDB
-- PHP Version: 8.1.6

SET SQL_MODE = "NO_AUTO_VALUE_ON_ZERO";
START TRANSACTION;
SET time_zone = "+00:00";


/*!40101 SET @OLD_CHARACTER_SET_CLIENT=@@CHARACTER_SET_CLIENT */;
/*!40101 SET @OLD_CHARACTER_SET_RESULTS=@@CHARACTER_SET_RESULTS */;
/*!40101 SET @OLD_COLLATION_CONNECTION=@@COLLATION_CONNECTION */;
/*!40101 SET NAMES utf8mb4 */;

--
-- Database: `db_oees`
--

-- --------------------------------------------------------

--
-- Table structure for table `course`
--

CREATE TABLE `course` (
  `COURSE_ID` int(11) NOT NULL,
  `COURSE_NAME` varchar(30) NOT NULL DEFAULT '-',
  `COURSE_LEVEL` varchar(50) NOT NULL DEFAULT '1',
  `COURSE_MAJOR` varchar(30) NOT NULL DEFAULT 'None',
  `COURSE_DESC` varchar(255) NOT NULL DEFAULT '-'
) ENGINE=InnoDB DEFAULT CHARSET=latin1;

--
-- Dumping data for table `course`
--

INSERT INTO `course` (`COURSE_ID`, `COURSE_NAME`, `COURSE_LEVEL`, `COURSE_MAJOR`, `COURSE_DESC`) VALUES
(1, '', 'Nursery 1', 'None', ''),
(2, '', 'Nursery 2', 'None', ''),
(3, '', 'Kindergarten', 'None', ''),
(6, '-', 'Grade 1', 'None', '-'),
(7, '-', 'Grade 2', 'None', '-'),
(8, '-', 'Grade 3', 'None', '-'),
(9, '-', 'Grade 4', 'None', '-'),
(10, '-', 'Grade 5', 'None', '-'),
(11, '-', 'Grade 6', 'None', '-');

-- --------------------------------------------------------

--
-- Table structure for table `grades`
--

CREATE TABLE `grades` (
  `GRADE_ID` int(11) NOT NULL,
  `IDNO` int(11) NOT NULL DEFAULT 0,
  `SUBJ_ID` int(11) NOT NULL DEFAULT 0,
  `FIRST` double NOT NULL DEFAULT 0,
  `SECOND` double NOT NULL DEFAULT 0,
  `THIRD` double NOT NULL DEFAULT 0,
  `FOURTH` double NOT NULL DEFAULT 0,
  `AVE` float DEFAULT 0,
  `REMARKS` text NOT NULL,
  `COMMENT` text NOT NULL
) ENGINE=InnoDB DEFAULT CHARSET=latin1;

--
-- Dumping data for table `grades`
--

INSERT INTO `grades` (`GRADE_ID`, `IDNO`, `SUBJ_ID`, `FIRST`, `SECOND`, `THIRD`, `FOURTH`, `AVE`, `REMARKS`, `COMMENT`) VALUES
(1, 1000000214, 1, 75, 75, 75, 75, 75, 'Passed', '-'),
(2, 1000000214, 2, 75, 75, 75, 75, 75, 'Passed', '-'),
(3, 1000000214, 5, 0, 0, 0, 0, 0, '-', '-'),
(4, 1000000214, 8, 75, 75, 75, 75, 75, 'Passed', '-'),
(5, 1000000215, 1, 90, 96, 86, 75, 84.4, 'Passed', '-'),
(6, 1000000215, 2, 0, 0, 0, 0, 0, '-', '-'),
(7, 1000000215, 5, 0, 0, 0, 0, 0, '-', '-'),
(8, 1000000215, 8, 0, 0, 0, 0, 0, '-', '-'),
(9, 1000000216, 1, 75, 75, 75, 75, 75, 'Passed', '-'),
(10, 1000000216, 2, 76, 76, 76, 76, 76, 'Passed', '-'),
(11, 1000000216, 5, 0, 0, 0, 0, 0, '-', '-'),
(12, 1000000216, 8, 0, 0, 0, 0, 0, '-', '-'),
(13, 1000000217, 1, 0, 0, 0, 0, 0, '-', '-'),
(14, 1000000217, 2, 0, 0, 0, 0, 0, '-', '-'),
(15, 1000000217, 5, 0, 0, 0, 0, 0, '-', '-'),
(16, 1000000217, 8, 0, 0, 0, 0, 0, '-', '-'),
(17, 1000000218, 1, 0, 0, 0, 0, 0, '-', '-'),
(18, 1000000218, 2, 0, 0, 0, 0, 0, '-', '-'),
(19, 1000000218, 5, 0, 0, 0, 0, 0, '-', '-'),
(20, 1000000218, 8, 0, 0, 0, 0, 0, '-', '-'),
(21, 1000000219, 7, 77, 78, 79, 80, 78.8, 'Passed', '-'),
(22, 1000000220, 1, 0, 0, 0, 0, 0, '-', '-'),
(23, 1000000220, 2, 0, 0, 0, 0, 0, '-', '-'),
(24, 1000000220, 5, 0, 0, 0, 0, 0, '-', '-'),
(25, 1000000220, 8, 0, 0, 0, 0, 0, '-', '-'),
(26, 1000000221, 1, 0, 0, 0, 0, 0, '-', '-'),
(27, 1000000221, 2, 0, 0, 0, 0, 0, '-', '-'),
(28, 1000000221, 5, 0, 0, 0, 0, 0, '-', '-'),
(29, 1000000221, 8, 0, 0, 0, 0, 0, '-', '-'),
(30, 1000000222, 1, 0, 0, 0, 0, 0, '-', '-'),
(31, 1000000222, 2, 0, 0, 0, 0, 0, '-', '-'),
(32, 1000000222, 8, 0, 0, 0, 0, 0, '-', '-'),
(33, 1000000224, 1, 0, 0, 0, 0, 0, '-', '-'),
(34, 1000000224, 2, 0, 0, 0, 0, 0, '-', '-'),
(35, 1000000224, 8, 0, 0, 0, 0, 0, '-', '-'),
(36, 1000000214, 4, 0, 0, 0, 0, 0, '', ''),
(37, 1000000219, 9, 99, 88, 77, 88, 88, 'Passed', ''),
(38, 1000000219, 11, 99, 99, 99, 99, 99, 'Passed', ''),
(39, 1000000225, 1, 0, 0, 0, 0, 0, '', ''),
(40, 1000000225, 2, 0, 0, 0, 0, 0, '', ''),
(41, 1000000225, 8, 0, 0, 0, 0, 0, '', ''),
(42, 1000000232, 1, 0, 0, 0, 0, 0, '', ''),
(43, 1000000232, 2, 0, 0, 0, 0, 0, '', ''),
(44, 1000000232, 8, 0, 0, 0, 0, 0, '', ''),
(45, 1000000236, 1, 0, 0, 0, 0, 0, '', ''),
(46, 1000000236, 2, 0, 0, 0, 0, 0, '', ''),
(47, 1000000236, 8, 0, 0, 0, 0, 0, '', ''),
(48, 1000000237, 10, 0, 0, 0, 0, 0, '', ''),
(49, 1000000238, 1, 0, 0, 0, 0, 0, '', ''),
(50, 1000000238, 2, 0, 0, 0, 0, 0, '', ''),
(51, 1000000238, 8, 0, 0, 0, 0, 0, '', ''),
(52, 1000000239, 1, 0, 0, 0, 0, 0, '', ''),
(53, 1000000239, 2, 0, 0, 0, 0, 0, '', ''),
(54, 1000000239, 8, 0, 0, 0, 0, 0, '', ''),
(55, 1000000240, 1, 90, 92, 87, 90, 89.8, 'Passed', ''),
(56, 1000000240, 2, 0, 0, 0, 0, 0, '', ''),
(57, 1000000240, 8, 0, 0, 0, 0, 0, '', ''),
(58, 1000000241, 1, 0, 0, 0, 0, 0, '', ''),
(59, 1000000241, 2, 0, 0, 0, 0, 0, '', ''),
(60, 1000000241, 8, 0, 0, 0, 0, 0, '', ''),
(61, 1000000242, 1, 0, 0, 0, 0, 0, '', ''),
(62, 1000000242, 2, 0, 0, 0, 0, 0, '', ''),
(63, 1000000242, 8, 0, 0, 0, 0, 0, '', ''),
(64, 1000000243, 1, 0, 0, 0, 0, 0, '', ''),
(65, 1000000243, 2, 0, 0, 0, 0, 0, '', ''),
(66, 1000000243, 8, 0, 0, 0, 0, 0, '', ''),
(67, 1000000244, 1, 0, 0, 0, 0, 0, '', ''),
(68, 1000000244, 2, 0, 0, 0, 0, 0, '', ''),
(69, 1000000244, 8, 0, 0, 0, 0, 0, '', ''),
(70, 1000000245, 1, 0, 0, 0, 0, 0, '', ''),
(71, 1000000245, 2, 0, 0, 0, 0, 0, '', ''),
(72, 1000000245, 8, 0, 0, 0, 0, 0, '', ''),
(73, 1000000246, 1, 0, 0, 0, 0, 0, '', ''),
(74, 1000000246, 2, 0, 0, 0, 0, 0, '', ''),
(75, 1000000246, 8, 0, 0, 0, 0, 0, '', ''),
(76, 1000000247, 1, 0, 0, 0, 0, 0, '', ''),
(77, 1000000247, 2, 0, 0, 0, 0, 0, '', ''),
(78, 1000000247, 8, 0, 0, 0, 0, 0, '', ''),
(79, 1000000248, 1, 0, 0, 0, 0, 0, '', ''),
(80, 1000000248, 2, 0, 0, 0, 0, 0, '', ''),
(81, 1000000248, 8, 0, 0, 0, 0, 0, '', ''),
(82, 1000000248, 1, 0, 0, 0, 0, 0, '', ''),
(83, 1000000248, 2, 0, 0, 0, 0, 0, '', ''),
(84, 1000000248, 8, 0, 0, 0, 0, 0, '', ''),
(85, 1000000249, 1, 0, 0, 0, 0, 0, '', ''),
(86, 1000000249, 2, 0, 0, 0, 0, 0, '', ''),
(87, 1000000249, 8, 0, 0, 0, 0, 0, '', ''),
(88, 1000000253, 12, 0, 0, 0, 0, 0, '', ''),
(89, 1000000253, 13, 0, 0, 0, 0, 0, '', ''),
(90, 1000000253, 14, 0, 0, 0, 0, 0, '', ''),
(91, 1000000253, 15, 0, 0, 0, 0, 0, '', ''),
(92, 1000000253, 16, 0, 0, 0, 0, 0, '', ''),
(93, 1000000253, 17, 0, 0, 0, 0, 0, '', ''),
(94, 1000000290, 12, 0, 0, 0, 0, 0, '', ''),
(95, 1000000290, 13, 0, 0, 0, 0, 0, '', ''),
(96, 1000000290, 14, 0, 0, 0, 0, 0, '', ''),
(97, 1000000290, 15, 0, 0, 0, 0, 0, '', ''),
(98, 1000000290, 16, 0, 0, 0, 0, 0, '', ''),
(99, 1000000290, 17, 0, 0, 0, 0, 0, '', ''),
(100, 1000000291, 12, 0, 0, 0, 0, 0, '', ''),
(101, 1000000291, 13, 0, 0, 0, 0, 0, '', ''),
(102, 1000000291, 14, 0, 0, 0, 0, 0, '', ''),
(103, 1000000291, 15, 0, 0, 0, 0, 0, '', ''),
(104, 1000000291, 16, 0, 0, 0, 0, 0, '', ''),
(105, 1000000291, 17, 0, 0, 0, 0, 0, '', ''),
(106, 1000000292, 12, 90, 90, 90, 90, 90, 'Passed', ''),
(107, 1000000292, 13, 90, 90, 90, 90, 90, 'Passed', ''),
(108, 1000000292, 14, 90, 90, 90, 90, 90, 'Passed', ''),
(109, 1000000292, 15, 90, 90, 90, 90, 90, 'Passed', ''),
(110, 1000000292, 16, 90, 90, 90, 90, 90, 'Passed', ''),
(111, 1000000292, 17, 90, 90, 90, 90, 90, 'Passed', ''),
(112, 1000000293, 12, 85, 98, 87, 90, 90, 'Passed', ''),
(113, 1000000293, 13, 99, 87, 86, 90, 90.4, 'Passed', ''),
(114, 1000000293, 14, 90, 90, 87, 87, 88.2, 'Passed', ''),
(115, 1000000293, 15, 99, 98, 98, 76, 89.4, 'Passed', ''),
(116, 1000000293, 16, 99, 87, 87, 87, 89.4, 'Passed', ''),
(117, 1000000293, 17, 98, 99, 87, 88, 92, 'Passed', ''),
(118, 1000000292, 18, 90, 90, 90, 90, 90, 'Passed', ''),
(119, 1000000292, 19, 90, 90, 90, 90, 90, 'Passed', ''),
(120, 1000000292, 20, 90, 90, 90, 90, 90, 'Passed', ''),
(121, 1000000292, 23, 90, 90, 90, 90, 90, 'Passed', ''),
(122, 1000000292, 24, 90, 90, 90, 90, 90, 'Passed', ''),
(123, 1000000292, 25, 90, 90, 90, 90, 90, 'Passed', ''),
(124, 1000000293, 18, 99, 98, 98, 87, 93.8, 'Passed', ''),
(125, 1000000293, 19, 99, 99, 99, 98, 98.6, 'Passed', ''),
(126, 1000000293, 20, 99, 98, 99, 99, 98.8, 'Passed', ''),
(127, 1000000293, 23, 99, 99, 88, 88, 92.4, 'Passed', ''),
(128, 1000000293, 24, 99, 99, 99, 99, 99, 'Passed', ''),
(129, 1000000293, 25, 88, 99, 99, 99, 96.8, 'Passed', ''),
(130, 1000000294, 53, 75, 75, 75, 75, 75, 'Passed', ''),
(131, 1000000294, 54, 99, 99, 99, 99, 99, 'Passed', ''),
(132, 1000000294, 55, 88, 88, 88, 88, 88, 'Passed', ''),
(133, 1000000294, 56, 88, 77, 88, 88, 85.8, 'Passed', ''),
(134, 1000000294, 57, 99, 99, 99, 99, 99, 'Passed', ''),
(135, 1000000294, 58, 98, 98, 99, 99, 98.6, 'Passed', ''),
(136, 1000000294, 59, 89, 99, 99, 99, 97, 'Passed', ''),
(137, 1000000295, 53, 90, 90, 90, 90, 90, 'Passed', ''),
(138, 1000000295, 54, 90, 90, 90, 90, 90, 'Passed', ''),
(139, 1000000295, 55, 90, 90, 90, 90, 90, 'Passed', ''),
(140, 1000000295, 56, 90, 90, 90, 90, 90, 'Passed', ''),
(141, 1000000295, 57, 90, 90, 90, 90, 90, 'Passed', ''),
(142, 1000000295, 58, 90, 90, 90, 90, 90, 'Passed', ''),
(143, 1000000295, 59, 90, 90, 90, 90, 90, 'Passed', ''),
(144, 1000000296, 12, 90, 90, 90, 90, 90, 'Passed', ''),
(145, 1000000296, 13, 90, 90, 90, 90, 90, 'Passed', ''),
(146, 1000000296, 14, 90, 90, 90, 90, 90, 'Passed', ''),
(147, 1000000296, 15, 90, 90, 90, 90, 90, 'Passed', ''),
(148, 1000000296, 16, 90, 90, 90, 90, 90, 'Passed', ''),
(149, 1000000296, 17, 90, 90, 90, 90, 90, 'Passed', ''),
(150, 1000000296, 18, 0, 0, 0, 0, 0, '', ''),
(151, 1000000296, 19, 0, 0, 0, 0, 0, '', ''),
(152, 1000000296, 20, 0, 0, 0, 0, 0, '', ''),
(153, 1000000296, 23, 0, 0, 0, 0, 0, '', ''),
(154, 1000000296, 24, 0, 0, 0, 0, 0, '', ''),
(155, 1000000296, 25, 0, 0, 0, 0, 0, '', ''),
(156, 1000000297, 12, 99, 99, 99, 99, 99, 'Passed', ''),
(157, 1000000297, 13, 88, 99, 99, 99, 96.8, 'Passed', ''),
(158, 1000000297, 14, 99, 99, 99, 99, 99, 'Passed', ''),
(159, 1000000297, 15, 99, 99, 99, 99, 99, 'Passed', ''),
(160, 1000000297, 16, 99, 99, 99, 99, 99, 'Passed', ''),
(161, 1000000297, 17, 99, 99, 99, 99, 99, 'Passed', ''),
(162, 1000000297, 18, 99, 99, 99, 99, 99, 'Passed', ''),
(163, 1000000297, 19, 99, 99, 99, 99, 99, 'Passed', ''),
(164, 1000000297, 20, 99, 99, 99, 99, 99, 'Passed', ''),
(165, 1000000297, 23, 99, 99, 99, 99, 99, 'Passed', ''),
(166, 1000000297, 24, 99, 99, 99, 99, 99, 'Passed', ''),
(167, 1000000297, 25, 99, 99, 99, 99, 99, 'Passed', ''),
(168, 1000000297, 26, 0, 0, 0, 0, 0, '', ''),
(169, 1000000297, 27, 0, 0, 0, 0, 0, '', ''),
(170, 1000000297, 28, 0, 0, 0, 0, 0, '', ''),
(171, 1000000297, 29, 0, 0, 0, 0, 0, '', ''),
(172, 1000000297, 30, 0, 0, 0, 0, 0, '', ''),
(173, 1000000297, 31, 0, 0, 0, 0, 0, '', ''),
(174, 1000000298, 32, 99, 99, 99, 99, 99, 'Passed', ''),
(175, 1000000298, 33, 99, 99, 99, 99, 99, 'Passed', ''),
(176, 1000000298, 34, 99, 99, 99, 99, 99, 'Passed', ''),
(177, 1000000298, 35, 99, 99, 99, 99, 99, 'Passed', ''),
(178, 1000000298, 36, 99, 99, 99, 99, 99, 'Passed', ''),
(179, 1000000298, 37, 99, 99, 99, 99, 99, 'Passed', ''),
(180, 1000000298, 38, 99, 99, 99, 99, 99, 'Passed', ''),
(181, 1000000298, 39, 99, 99, 99, 99, 99, 'Passed', ''),
(182, 1000000298, 40, 99, 99, 99, 99, 99, 'Passed', ''),
(183, 1000000298, 41, 99, 99, 99, 99, 99, 'Passed', ''),
(184, 1000000298, 42, 99, 99, 99, 99, 99, 'Passed', ''),
(185, 1000000298, 43, 99, 99, 99, 99, 99, 'Passed', ''),
(186, 1000000298, 44, 99, 99, 99, 99, 99, 'Passed', ''),
(187, 1000000298, 45, 99, 99, 99, 99, 99, 'Passed', ''),
(188, 1000000256, 12, 0, 0, 0, 0, 0, '', ''),
(189, 1000000256, 13, 0, 0, 0, 0, 0, '', ''),
(190, 1000000256, 14, 0, 0, 0, 0, 0, '', ''),
(191, 1000000256, 15, 0, 0, 0, 0, 0, '', ''),
(192, 1000000256, 16, 0, 0, 0, 0, 0, '', ''),
(193, 1000000256, 17, 0, 0, 0, 0, 0, '', ''),
(194, 1000000257, 12, 0, 0, 0, 0, 0, '', ''),
(195, 1000000257, 13, 0, 0, 0, 0, 0, '', ''),
(196, 1000000257, 14, 0, 0, 0, 0, 0, '', ''),
(197, 1000000257, 15, 0, 0, 0, 0, 0, '', ''),
(198, 1000000257, 16, 0, 0, 0, 0, 0, '', ''),
(199, 1000000257, 17, 0, 0, 0, 0, 0, '', ''),
(200, 1000000258, 12, 0, 0, 0, 0, 0, '', ''),
(201, 1000000258, 13, 0, 0, 0, 0, 0, '', ''),
(202, 1000000258, 14, 0, 0, 0, 0, 0, '', ''),
(203, 1000000258, 15, 0, 0, 0, 0, 0, '', ''),
(204, 1000000258, 16, 0, 0, 0, 0, 0, '', ''),
(205, 1000000258, 17, 0, 0, 0, 0, 0, '', ''),
(206, 1000000259, 12, 0, 0, 0, 0, 0, '', ''),
(207, 1000000259, 13, 0, 0, 0, 0, 0, '', ''),
(208, 1000000259, 14, 0, 0, 0, 0, 0, '', ''),
(209, 1000000259, 15, 0, 0, 0, 0, 0, '', ''),
(210, 1000000259, 16, 0, 0, 0, 0, 0, '', ''),
(211, 1000000259, 17, 0, 0, 0, 0, 0, '', ''),
(212, 1000000260, 12, 0, 0, 0, 0, 0, '', ''),
(213, 1000000260, 13, 0, 0, 0, 0, 0, '', ''),
(214, 1000000260, 14, 0, 0, 0, 0, 0, '', ''),
(215, 1000000260, 15, 0, 0, 0, 0, 0, '', ''),
(216, 1000000260, 16, 0, 0, 0, 0, 0, '', ''),
(217, 1000000260, 17, 0, 0, 0, 0, 0, '', ''),
(218, 1000000261, 12, 0, 0, 0, 0, 0, '', ''),
(219, 1000000261, 13, 0, 0, 0, 0, 0, '', ''),
(220, 1000000261, 14, 0, 0, 0, 0, 0, '', ''),
(221, 1000000261, 15, 0, 0, 0, 0, 0, '', ''),
(222, 1000000261, 16, 0, 0, 0, 0, 0, '', ''),
(223, 1000000261, 17, 0, 0, 0, 0, 0, '', ''),
(224, 1000000262, 12, 0, 0, 0, 0, 0, '', ''),
(225, 1000000262, 13, 0, 0, 0, 0, 0, '', ''),
(226, 1000000262, 14, 0, 0, 0, 0, 0, '', ''),
(227, 1000000262, 15, 0, 0, 0, 0, 0, '', ''),
(228, 1000000262, 16, 0, 0, 0, 0, 0, '', ''),
(229, 1000000262, 17, 0, 0, 0, 0, 0, '', ''),
(230, 1000000263, 12, 0, 0, 0, 0, 0, '', ''),
(231, 1000000263, 13, 0, 0, 0, 0, 0, '', ''),
(232, 1000000263, 14, 0, 0, 0, 0, 0, '', ''),
(233, 1000000263, 15, 0, 0, 0, 0, 0, '', ''),
(234, 1000000263, 16, 0, 0, 0, 0, 0, '', ''),
(235, 1000000263, 17, 0, 0, 0, 0, 0, '', ''),
(236, 1000000267, 12, 0, 0, 0, 0, 0, '', ''),
(237, 1000000267, 13, 0, 0, 0, 0, 0, '', ''),
(238, 1000000267, 14, 0, 0, 0, 0, 0, '', ''),
(239, 1000000267, 15, 0, 0, 0, 0, 0, '', ''),
(240, 1000000267, 16, 0, 0, 0, 0, 0, '', ''),
(241, 1000000267, 17, 0, 0, 0, 0, 0, '', ''),
(242, 1000000264, 12, 0, 0, 0, 0, 0, '', ''),
(243, 1000000264, 13, 0, 0, 0, 0, 0, '', ''),
(244, 1000000264, 14, 0, 0, 0, 0, 0, '', ''),
(245, 1000000264, 15, 0, 0, 0, 0, 0, '', ''),
(246, 1000000264, 16, 0, 0, 0, 0, 0, '', ''),
(247, 1000000264, 17, 0, 0, 0, 0, 0, '', ''),
(248, 1000000265, 12, 0, 0, 0, 0, 0, '', ''),
(249, 1000000265, 13, 0, 0, 0, 0, 0, '', ''),
(250, 1000000265, 14, 0, 0, 0, 0, 0, '', ''),
(251, 1000000265, 15, 0, 0, 0, 0, 0, '', ''),
(252, 1000000265, 16, 0, 0, 0, 0, 0, '', ''),
(253, 1000000265, 17, 0, 0, 0, 0, 0, '', ''),
(254, 1000000268, 12, 0, 0, 0, 0, 0, '', ''),
(255, 1000000268, 13, 0, 0, 0, 0, 0, '', ''),
(256, 1000000268, 14, 0, 0, 0, 0, 0, '', ''),
(257, 1000000268, 15, 0, 0, 0, 0, 0, '', ''),
(258, 1000000268, 16, 0, 0, 0, 0, 0, '', ''),
(259, 1000000268, 17, 0, 0, 0, 0, 0, '', ''),
(260, 1000000270, 12, 0, 0, 0, 0, 0, '', ''),
(261, 1000000270, 13, 0, 0, 0, 0, 0, '', ''),
(262, 1000000270, 14, 0, 0, 0, 0, 0, '', ''),
(263, 1000000270, 15, 0, 0, 0, 0, 0, '', ''),
(264, 1000000270, 16, 0, 0, 0, 0, 0, '', ''),
(265, 1000000270, 17, 0, 0, 0, 0, 0, '', ''),
(266, 1000000271, 12, 0, 0, 0, 0, 0, '', ''),
(267, 1000000271, 13, 0, 0, 0, 0, 0, '', ''),
(268, 1000000271, 14, 0, 0, 0, 0, 0, '', ''),
(269, 1000000271, 15, 0, 0, 0, 0, 0, '', ''),
(270, 1000000271, 16, 0, 0, 0, 0, 0, '', ''),
(271, 1000000271, 17, 0, 0, 0, 0, 0, '', ''),
(272, 1000000272, 12, 0, 0, 0, 0, 0, '', ''),
(273, 1000000272, 13, 0, 0, 0, 0, 0, '', ''),
(274, 1000000272, 14, 0, 0, 0, 0, 0, '', ''),
(275, 1000000272, 15, 0, 0, 0, 0, 0, '', ''),
(276, 1000000272, 16, 0, 0, 0, 0, 0, '', ''),
(277, 1000000272, 17, 0, 0, 0, 0, 0, '', ''),
(278, 1000000273, 12, 0, 0, 0, 0, 0, '', ''),
(279, 1000000273, 13, 0, 0, 0, 0, 0, '', ''),
(280, 1000000273, 14, 0, 0, 0, 0, 0, '', ''),
(281, 1000000273, 15, 0, 0, 0, 0, 0, '', ''),
(282, 1000000273, 16, 0, 0, 0, 0, 0, '', ''),
(283, 1000000273, 17, 0, 0, 0, 0, 0, '', ''),
(284, 1000000274, 12, 0, 0, 0, 0, 0, '', ''),
(285, 1000000274, 13, 0, 0, 0, 0, 0, '', ''),
(286, 1000000274, 14, 0, 0, 0, 0, 0, '', ''),
(287, 1000000274, 15, 0, 0, 0, 0, 0, '', ''),
(288, 1000000274, 16, 0, 0, 0, 0, 0, '', ''),
(289, 1000000274, 17, 0, 0, 0, 0, 0, '', ''),
(290, 1000000275, 12, 0, 0, 0, 0, 0, '', ''),
(291, 1000000275, 13, 0, 0, 0, 0, 0, '', ''),
(292, 1000000275, 14, 0, 0, 0, 0, 0, '', ''),
(293, 1000000275, 15, 0, 0, 0, 0, 0, '', ''),
(294, 1000000275, 16, 0, 0, 0, 0, 0, '', ''),
(295, 1000000275, 17, 0, 0, 0, 0, 0, '', ''),
(296, 1000000276, 12, 0, 0, 0, 0, 0, '', ''),
(297, 1000000276, 13, 0, 0, 0, 0, 0, '', ''),
(298, 1000000276, 14, 0, 0, 0, 0, 0, '', ''),
(299, 1000000276, 15, 0, 0, 0, 0, 0, '', ''),
(300, 1000000276, 16, 0, 0, 0, 0, 0, '', ''),
(301, 1000000276, 17, 0, 0, 0, 0, 0, '', ''),
(302, 1000000277, 12, 0, 0, 0, 0, 0, '', ''),
(303, 1000000277, 13, 0, 0, 0, 0, 0, '', ''),
(304, 1000000277, 14, 0, 0, 0, 0, 0, '', ''),
(305, 1000000277, 15, 0, 0, 0, 0, 0, '', ''),
(306, 1000000277, 16, 0, 0, 0, 0, 0, '', ''),
(307, 1000000277, 17, 0, 0, 0, 0, 0, '', ''),
(308, 1000000278, 12, 0, 0, 0, 0, 0, '', ''),
(309, 1000000278, 13, 0, 0, 0, 0, 0, '', ''),
(310, 1000000278, 14, 0, 0, 0, 0, 0, '', ''),
(311, 1000000278, 15, 0, 0, 0, 0, 0, '', ''),
(312, 1000000278, 16, 0, 0, 0, 0, 0, '', ''),
(313, 1000000278, 17, 0, 0, 0, 0, 0, '', ''),
(314, 1000000279, 12, 0, 0, 0, 0, 0, '', ''),
(315, 1000000279, 13, 0, 0, 0, 0, 0, '', ''),
(316, 1000000279, 14, 0, 0, 0, 0, 0, '', ''),
(317, 1000000279, 15, 0, 0, 0, 0, 0, '', ''),
(318, 1000000279, 16, 0, 0, 0, 0, 0, '', ''),
(319, 1000000279, 17, 0, 0, 0, 0, 0, '', ''),
(320, 1000000280, 60, 0, 0, 0, 0, 0, '', ''),
(321, 1000000280, 61, 0, 0, 0, 0, 0, '', ''),
(322, 1000000280, 62, 0, 0, 0, 0, 0, '', ''),
(323, 1000000280, 63, 0, 0, 0, 0, 0, '', ''),
(324, 1000000280, 64, 0, 0, 0, 0, 0, '', ''),
(325, 1000000280, 65, 0, 0, 0, 0, 0, '', ''),
(326, 1000000280, 66, 0, 0, 0, 0, 0, '', ''),
(327, 1000000281, 67, 0, 0, 0, 0, 0, '', ''),
(328, 1000000281, 68, 0, 0, 0, 0, 0, '', ''),
(329, 1000000281, 69, 0, 0, 0, 0, 0, '', ''),
(330, 1000000281, 70, 0, 0, 0, 0, 0, '', ''),
(331, 1000000281, 71, 0, 0, 0, 0, 0, '', ''),
(332, 1000000281, 72, 0, 0, 0, 0, 0, '', ''),
(333, 1000000281, 73, 0, 0, 0, 0, 0, '', ''),
(334, 1000000282, 53, 0, 0, 0, 0, 0, '', ''),
(335, 1000000282, 54, 0, 0, 0, 0, 0, '', ''),
(336, 1000000282, 55, 0, 0, 0, 0, 0, '', ''),
(337, 1000000282, 56, 0, 0, 0, 0, 0, '', ''),
(338, 1000000282, 57, 0, 0, 0, 0, 0, '', ''),
(339, 1000000282, 58, 0, 0, 0, 0, 0, '', ''),
(340, 1000000282, 59, 0, 0, 0, 0, 0, '', ''),
(341, 1000000283, 46, 0, 0, 0, 0, 0, '', ''),
(342, 1000000283, 47, 0, 0, 0, 0, 0, '', ''),
(343, 1000000283, 48, 0, 0, 0, 0, 0, '', ''),
(344, 1000000283, 49, 0, 0, 0, 0, 0, '', ''),
(345, 1000000283, 50, 0, 0, 0, 0, 0, '', ''),
(346, 1000000283, 51, 0, 0, 0, 0, 0, '', ''),
(347, 1000000283, 52, 0, 0, 0, 0, 0, '', ''),
(348, 1000000284, 60, 0, 0, 0, 0, 0, '', ''),
(349, 1000000284, 61, 0, 0, 0, 0, 0, '', ''),
(350, 1000000284, 62, 0, 0, 0, 0, 0, '', ''),
(351, 1000000284, 63, 0, 0, 0, 0, 0, '', ''),
(352, 1000000284, 64, 0, 0, 0, 0, 0, '', ''),
(353, 1000000284, 65, 0, 0, 0, 0, 0, '', ''),
(354, 1000000284, 66, 0, 0, 0, 0, 0, '', ''),
(355, 1000000285, 60, 0, 0, 0, 0, 0, '', ''),
(356, 1000000285, 61, 0, 0, 0, 0, 0, '', ''),
(357, 1000000285, 62, 0, 0, 0, 0, 0, '', ''),
(358, 1000000285, 63, 0, 0, 0, 0, 0, '', ''),
(359, 1000000285, 64, 0, 0, 0, 0, 0, '', ''),
(360, 1000000285, 65, 0, 0, 0, 0, 0, '', ''),
(361, 1000000285, 66, 0, 0, 0, 0, 0, '', ''),
(362, 1000000286, 53, 0, 0, 0, 0, 0, '', ''),
(363, 1000000286, 54, 0, 0, 0, 0, 0, '', ''),
(364, 1000000286, 55, 0, 0, 0, 0, 0, '', ''),
(365, 1000000286, 56, 0, 0, 0, 0, 0, '', ''),
(366, 1000000286, 57, 0, 0, 0, 0, 0, '', ''),
(367, 1000000286, 58, 0, 0, 0, 0, 0, '', ''),
(368, 1000000286, 59, 0, 0, 0, 0, 0, '', ''),
(369, 1000000288, 46, 0, 0, 0, 0, 0, '', ''),
(370, 1000000288, 47, 0, 0, 0, 0, 0, '', ''),
(371, 1000000288, 48, 0, 0, 0, 0, 0, '', ''),
(372, 1000000288, 49, 0, 0, 0, 0, 0, '', ''),
(373, 1000000288, 50, 0, 0, 0, 0, 0, '', ''),
(374, 1000000288, 51, 0, 0, 0, 0, 0, '', ''),
(375, 1000000288, 52, 0, 0, 0, 0, 0, '', ''),
(376, 1000000289, 67, 0, 0, 0, 0, 0, '', ''),
(377, 1000000289, 68, 0, 0, 0, 0, 0, '', ''),
(378, 1000000289, 69, 0, 0, 0, 0, 0, '', ''),
(379, 1000000289, 70, 0, 0, 0, 0, 0, '', ''),
(380, 1000000289, 71, 0, 0, 0, 0, 0, '', ''),
(381, 1000000289, 72, 0, 0, 0, 0, 0, '', ''),
(382, 1000000289, 73, 0, 0, 0, 0, 0, '', ''),
(383, 1000000287, 53, 0, 0, 0, 0, 0, '', ''),
(384, 1000000287, 54, 0, 0, 0, 0, 0, '', ''),
(385, 1000000287, 55, 0, 0, 0, 0, 0, '', ''),
(386, 1000000287, 56, 0, 0, 0, 0, 0, '', ''),
(387, 1000000287, 57, 0, 0, 0, 0, 0, '', ''),
(388, 1000000287, 58, 0, 0, 0, 0, 0, '', ''),
(389, 1000000287, 59, 0, 0, 0, 0, 0, '', ''),
(390, 1000000300, 12, 90, 90, 90, 90, 90, 'Passed', ''),
(391, 1000000300, 13, 80, 80, 80, 80, 80, 'Passed', ''),
(392, 1000000300, 14, 80, 80, 80, 80, 80, 'Passed', ''),
(393, 1000000300, 15, 90, 90, 90, 90, 90, 'Passed', ''),
(394, 1000000300, 16, 90, 90, 90, 90, 90, 'Passed', ''),
(395, 1000000300, 17, 90, 90, 90, 90, 90, 'Passed', ''),
(396, 1000000300, 18, 90, 90, 90, 90, 90, 'Passed', ''),
(397, 1000000300, 19, 90, 90, 90, 90, 90, 'Passed', ''),
(398, 1000000300, 20, 90, 90, 90, 90, 90, 'Passed', ''),
(399, 1000000300, 23, 90, 90, 90, 90, 90, 'Passed', ''),
(400, 1000000300, 24, 90, 90, 90, 90, 90, 'Passed', ''),
(401, 1000000300, 25, 90, 90, 90, 90, 90, 'Passed', ''),
(402, 1000000301, 39, 0, 0, 0, 0, 0, '', ''),
(403, 1000000301, 40, 0, 0, 0, 0, 0, '', ''),
(404, 1000000301, 41, 0, 0, 0, 0, 0, '', ''),
(405, 1000000301, 42, 0, 0, 0, 0, 0, '', ''),
(406, 1000000301, 43, 0, 0, 0, 0, 0, '', ''),
(407, 1000000301, 44, 0, 0, 0, 0, 0, '', ''),
(408, 1000000301, 45, 0, 0, 0, 0, 0, '', ''),
(409, 1000000292, 26, 90, 0, 0, 0, 18, 'Failed', ''),
(410, 1000000292, 27, 0, 0, 0, 0, 0, '', ''),
(411, 1000000292, 28, 0, 0, 0, 0, 0, '', ''),
(412, 1000000292, 29, 0, 0, 0, 0, 0, '', ''),
(413, 1000000292, 30, 0, 0, 0, 0, 0, '', ''),
(414, 1000000292, 31, 0, 0, 0, 0, 0, '', ''),
(415, 1000000302, 12, 90, 90, 90, 90, 90, 'Passed', ''),
(416, 1000000302, 13, 90, 90, 90, 90, 90, 'Passed', ''),
(417, 1000000302, 14, 90, 90, 90, 90, 90, 'Passed', ''),
(418, 1000000302, 15, 90, 90, 90, 90, 90, 'Passed', ''),
(419, 1000000302, 16, 90, 90, 90, 90, 90, 'Passed', ''),
(420, 1000000302, 17, 0, 0, 0, 0, 0, '', ''),
(421, 1000000302, 12, 0, 0, 0, 0, 0, '', ''),
(422, 1000000302, 13, 0, 0, 0, 0, 0, '', ''),
(423, 1000000302, 14, 0, 0, 0, 0, 0, '', ''),
(424, 1000000302, 15, 0, 0, 0, 0, 0, '', ''),
(425, 1000000302, 16, 0, 0, 0, 0, 0, '', ''),
(426, 1000000302, 17, 0, 0, 0, 0, 0, '', ''),
(427, 1000000302, 18, 0, 0, 0, 0, 0, '', ''),
(428, 1000000302, 19, 0, 0, 0, 0, 0, '', ''),
(429, 1000000302, 20, 0, 0, 0, 0, 0, '', ''),
(430, 1000000302, 23, 0, 0, 0, 0, 0, '', ''),
(431, 1000000302, 24, 0, 0, 0, 0, 0, '', ''),
(432, 1000000302, 25, 0, 0, 0, 0, 0, '', ''),
(433, 1000000303, 60, 0, 0, 0, 0, 0, '', ''),
(434, 1000000303, 61, 0, 0, 0, 0, 0, '', ''),
(435, 1000000303, 62, 0, 0, 0, 0, 0, '', ''),
(436, 1000000303, 63, 0, 0, 0, 0, 0, '', ''),
(437, 1000000303, 64, 0, 0, 0, 0, 0, '', ''),
(438, 1000000303, 65, 0, 0, 0, 0, 0, '', ''),
(439, 1000000303, 66, 0, 0, 0, 0, 0, '', ''),
(440, 1000000304, 12, 90, 90, 90, 90, 90, 'Passed', ''),
(441, 1000000304, 13, 90, 90, 90, 90, 90, 'Passed', ''),
(442, 1000000304, 14, 90, 90, 90, 90, 90, 'Passed', ''),
(443, 1000000304, 15, 90, 90, 90, 90, 90, 'Passed', ''),
(444, 1000000304, 16, 90, 90, 90, 90, 90, 'Passed', ''),
(445, 1000000304, 17, 90, 90, 90, 90, 90, 'Passed', ''),
(446, 1000000254, 12, 0, 0, 0, 0, 0, '', ''),
(447, 1000000254, 13, 0, 0, 0, 0, 0, '', ''),
(448, 1000000254, 14, 0, 0, 0, 0, 0, '', ''),
(449, 1000000254, 15, 0, 0, 0, 0, 0, '', ''),
(450, 1000000254, 16, 0, 0, 0, 0, 0, '', ''),
(451, 1000000254, 17, 0, 0, 0, 0, 0, '', ''),
(458, 1000000255, 53, 0, 0, 0, 0, 0, '', ''),
(459, 1000000255, 54, 0, 0, 0, 0, 0, '', ''),
(460, 1000000255, 55, 0, 0, 0, 0, 0, '', ''),
(461, 1000000255, 56, 0, 0, 0, 0, 0, '', ''),
(462, 1000000255, 57, 0, 0, 0, 0, 0, '', ''),
(463, 1000000255, 58, 0, 0, 0, 0, 0, '', ''),
(464, 1000000255, 59, 0, 0, 0, 0, 0, '', ''),
(465, 1000000294, 60, 0, 0, 0, 0, 0, '', ''),
(466, 1000000294, 61, 0, 0, 0, 0, 0, '', ''),
(467, 1000000294, 62, 0, 0, 0, 0, 0, '', ''),
(468, 1000000294, 63, 0, 0, 0, 0, 0, '', ''),
(469, 1000000294, 64, 0, 0, 0, 0, 0, '', ''),
(470, 1000000294, 65, 0, 0, 0, 0, 0, '', ''),
(471, 1000000294, 66, 0, 0, 0, 0, 0, '', ''),
(472, 1000000306, 67, 0, 0, 0, 0, 0, '', ''),
(473, 1000000306, 68, 0, 0, 0, 0, 0, '', ''),
(474, 1000000306, 69, 0, 0, 0, 0, 0, '', ''),
(475, 1000000306, 70, 0, 0, 0, 0, 0, '', ''),
(476, 1000000306, 71, 0, 0, 0, 0, 0, '', ''),
(477, 1000000306, 72, 0, 0, 0, 0, 0, '', ''),
(478, 1000000306, 73, 0, 0, 0, 0, 0, '', ''),
(479, 1000000306, 75, 0, 0, 0, 0, 0, '', ''),
(480, 1000000299, 46, 0, 0, 0, 0, 0, '', ''),
(481, 1000000299, 47, 0, 0, 0, 0, 0, '', ''),
(482, 1000000299, 48, 0, 0, 0, 0, 0, '', ''),
(483, 1000000299, 49, 0, 0, 0, 0, 0, '', ''),
(484, 1000000299, 50, 0, 0, 0, 0, 0, '', ''),
(485, 1000000299, 51, 0, 0, 0, 0, 0, '', ''),
(486, 1000000299, 52, 0, 0, 0, 0, 0, '', ''),
(487, 1000000298, 46, 0, 0, 0, 0, 0, '', ''),
(488, 1000000298, 47, 0, 0, 0, 0, 0, '', ''),
(489, 1000000298, 48, 0, 0, 0, 0, 0, '', ''),
(490, 1000000298, 49, 0, 0, 0, 0, 0, '', ''),
(491, 1000000298, 50, 0, 0, 0, 0, 0, '', ''),
(492, 1000000298, 51, 0, 0, 0, 0, 0, '', ''),
(493, 1000000298, 52, 0, 0, 0, 0, 0, '', ''),
(494, 1000000298, 46, 0, 0, 0, 0, 0, '', ''),
(495, 1000000298, 47, 0, 0, 0, 0, 0, '', ''),
(496, 1000000298, 48, 0, 0, 0, 0, 0, '', ''),
(497, 1000000298, 49, 0, 0, 0, 0, 0, '', ''),
(498, 1000000298, 50, 0, 0, 0, 0, 0, '', ''),
(499, 1000000298, 51, 0, 0, 0, 0, 0, '', ''),
(500, 1000000298, 52, 0, 0, 0, 0, 0, '', ''),
(501, 1000000306, 67, 0, 0, 0, 0, 0, '', ''),
(502, 1000000306, 68, 0, 0, 0, 0, 0, '', ''),
(503, 1000000306, 69, 0, 0, 0, 0, 0, '', ''),
(504, 1000000306, 70, 0, 0, 0, 0, 0, '', ''),
(505, 1000000306, 71, 0, 0, 0, 0, 0, '', ''),
(506, 1000000306, 72, 0, 0, 0, 0, 0, '', ''),
(507, 1000000306, 73, 0, 0, 0, 0, 0, '', ''),
(508, 1000000306, 75, 0, 0, 0, 0, 0, '', ''),
(509, 1000000299, 46, 0, 0, 0, 0, 0, '', ''),
(510, 1000000299, 47, 0, 0, 0, 0, 0, '', ''),
(511, 1000000299, 48, 0, 0, 0, 0, 0, '', ''),
(512, 1000000299, 49, 0, 0, 0, 0, 0, '', ''),
(513, 1000000299, 50, 0, 0, 0, 0, 0, '', ''),
(514, 1000000299, 51, 0, 0, 0, 0, 0, '', ''),
(515, 1000000299, 52, 0, 0, 0, 0, 0, '', ''),
(516, 1000000301, 39, 0, 0, 0, 0, 0, '', ''),
(517, 1000000301, 40, 0, 0, 0, 0, 0, '', ''),
(518, 1000000301, 41, 0, 0, 0, 0, 0, '', ''),
(519, 1000000301, 42, 0, 0, 0, 0, 0, '', ''),
(520, 1000000301, 43, 0, 0, 0, 0, 0, '', ''),
(521, 1000000301, 44, 0, 0, 0, 0, 0, '', ''),
(522, 1000000301, 45, 0, 0, 0, 0, 0, '', '');

-- --------------------------------------------------------

--
-- Table structure for table `schoolyr`
--

CREATE TABLE `schoolyr` (
  `SYID` int(11) NOT NULL,
  `AY` varchar(30) NOT NULL DEFAULT '0',
  `COURSE_ID` int(11) NOT NULL DEFAULT 0,
  `IDNO` int(30) NOT NULL DEFAULT 0,
  `CATEGORY` varchar(30) NOT NULL DEFAULT 'ENROLLED',
  `DATE_RESERVED` datetime NOT NULL DEFAULT current_timestamp(),
  `DATE_ENROLLED` datetime NOT NULL DEFAULT current_timestamp(),
  `STATUS` varchar(30) NOT NULL DEFAULT 'New'
) ENGINE=InnoDB DEFAULT CHARSET=latin1;

--
-- Dumping data for table `schoolyr`
--

INSERT INTO `schoolyr` (`SYID`, `AY`, `COURSE_ID`, `IDNO`, `CATEGORY`, `DATE_RESERVED`, `DATE_ENROLLED`, `STATUS`) VALUES
(1, '2022-2023', 1, 1000000214, 'ENROLLED', '2022-11-21 00:00:00', '2022-11-21 00:00:00', 'New'),
(2, '2022-2023', 1, 1000000215, 'ENROLLED', '2022-11-21 00:00:00', '2022-11-21 00:00:00', 'New'),
(3, '2022-2023', 1, 1000000216, 'ENROLLED', '2022-11-21 00:00:00', '2022-11-21 00:00:00', 'New'),
(4, '2022-2023', 1, 1000000217, 'ENROLLED', '2022-11-21 00:00:00', '2022-11-21 00:00:00', 'New'),
(5, '2022-2023', 1, 1000000218, 'ENROLLED', '2022-11-21 00:00:00', '2022-11-21 00:00:00', 'New'),
(6, '2022-2023', 6, 1000000219, 'ENROLLED', '2022-11-21 00:00:00', '2022-11-21 00:00:00', 'New'),
(7, '2022-2023', 1, 1000000220, 'ENROLLED', '2022-11-22 00:00:00', '2022-11-22 00:00:00', 'New'),
(8, '2022-2023', 1, 1000000221, 'ENROLLED', '2022-11-22 00:00:00', '2022-11-22 00:00:00', 'New'),
(9, '2022-2023', 1, 1000000222, 'ENROLLED', '2022-11-22 00:00:00', '2022-11-22 00:00:00', 'New'),
(10, '2022-2023', 10, 1000000223, 'ENROLLED', '2022-11-23 00:00:00', '2022-11-23 00:00:00', 'New'),
(11, '2022-2023', 1, 1000000224, 'ENROLLED', '2022-11-23 00:00:00', '2022-11-23 00:00:00', 'New'),
(12, '2022-2023', 2, 1000000214, 'ENROLLED', '2022-11-23 00:00:00', '2022-11-23 00:00:00', 'New'),
(13, '2022-2023', 7, 1000000219, 'ENROLLED', '2022-11-23 00:00:00', '2022-11-23 00:00:00', 'New'),
(14, '2022-2023', 8, 1000000219, 'ENROLLED', '2022-11-23 00:00:00', '2022-11-23 00:00:00', 'New'),
(15, '2022-2023', 1, 1000000225, 'ENROLLED', '2022-12-07 00:00:00', '2022-12-07 00:00:00', 'New'),
(16, '2022-2023', 1, 1000000232, 'ENROLLED', '2022-12-08 00:00:00', '2022-12-08 00:00:00', 'New'),
(17, '2022-2023', 1, 1000000236, 'ENROLLED', '2022-12-09 00:00:00', '2022-12-09 00:00:00', 'New'),
(19, '2022-2023', 1, 1000000238, 'ENROLLED', '2022-12-19 00:00:00', '2022-12-19 00:00:00', 'New'),
(20, '2022-2023', 1, 1000000239, 'ENROLLED', '2022-12-19 00:00:00', '2022-12-19 00:00:00', 'New'),
(21, '2022-2023', 1, 1000000240, 'ENROLLED', '2022-12-19 00:00:00', '2022-12-19 00:00:00', 'New'),
(22, '2022-2023', 1, 1000000241, 'ENROLLED', '2022-12-19 00:00:00', '2022-12-19 00:00:00', 'New'),
(23, '2022-2023', 1, 1000000242, 'ENROLLED', '2022-12-19 00:00:00', '2022-12-19 00:00:00', 'New'),
(24, '2022-2023', 1, 1000000243, 'ENROLLED', '2022-12-19 00:00:00', '2022-12-19 00:00:00', 'New'),
(25, '2022-2023', 1, 1000000244, 'ENROLLED', '2022-12-19 00:00:00', '2022-12-19 00:00:00', 'New'),
(26, '2022-2023', 1, 1000000245, 'ENROLLED', '2022-12-19 00:00:00', '2022-12-19 00:00:00', 'New'),
(27, '2022-2023', 1, 1000000246, 'ENROLLED', '2022-12-30 00:00:00', '2022-12-30 00:00:00', 'New'),
(28, '2022-2023', 1, 1000000247, 'ENROLLED', '2022-12-30 00:00:00', '2022-12-30 00:00:00', 'New'),
(29, '2022-2023', 1, 1000000248, 'ENROLLED', '2022-12-31 00:00:00', '2022-12-31 00:00:00', 'New'),
(30, '2022-2023', 1, 1000000248, 'ENROLLED', '2022-12-31 00:00:00', '2022-12-31 00:00:00', 'New'),
(31, '2022-2023', 1, 1000000249, 'ENROLLED', '2022-12-31 00:00:00', '2022-12-31 00:00:00', 'New'),
(32, '2023-2024', 1, 1000000250, 'ENROLLED', '2023-01-01 00:00:00', '2023-01-01 00:00:00', 'New'),
(33, '2023-2024', 1, 1000000251, 'ENROLLED', '2023-01-01 00:00:00', '2023-01-01 00:00:00', 'New'),
(34, '2023-2024', 1, 1000000252, 'ENROLLED', '2023-01-01 00:00:00', '2023-01-01 00:00:00', 'New'),
(35, '2023-2024', 1, 1000000252, 'ENROLLED', '2023-01-01 00:00:00', '2023-01-01 00:00:00', 'New'),
(36, '2023-2024', 1, 1000000253, 'ENROLLED', '2023-01-01 00:00:00', '2023-01-01 00:00:00', 'New'),
(37, '2023-2024', 1, 1000000290, 'ENROLLED', '2023-01-02 00:00:00', '2023-01-02 00:00:00', 'New'),
(38, '2023-2024', 1, 1000000291, 'ENROLLED', '2023-01-02 00:00:00', '2023-01-02 00:00:00', 'New'),
(39, '2023-2024', 1, 1000000292, 'ENROLLED', '2023-01-02 00:00:00', '2023-01-02 00:00:00', 'New'),
(40, '2023-2024', 1, 1000000293, 'ENROLLED', '2023-01-03 00:00:00', '2023-01-03 00:00:00', 'New'),
(41, '2023-2024', 2, 1000000292, 'ENROLLED', '2023-01-03 00:00:00', '2023-01-03 00:00:00', 'New'),
(42, '2023-2024', 2, 1000000293, 'ENROLLED', '2023-01-03 00:00:00', '2023-01-03 00:00:00', 'New'),
(43, '2023-2024', 9, 1000000294, 'ENROLLED', '2023-01-03 00:00:00', '2023-01-03 00:00:00', 'New'),
(44, '2023-2024', 9, 1000000295, 'ENROLLED', '2023-01-04 00:00:00', '2023-01-04 00:00:00', 'New'),
(45, '2023-2024', 1, 1000000296, 'ENROLLED', '2023-01-04 00:00:00', '2023-01-04 00:00:00', 'New'),
(46, '2023-2024', 2, 1000000296, 'ENROLLED', '2023-01-04 00:00:00', '2023-01-04 00:00:00', 'New'),
(47, '2023-2024', 1, 1000000297, 'ENROLLED', '2023-01-05 00:00:00', '2023-01-05 00:00:00', 'New'),
(48, '2023-2024', 2, 1000000297, 'ENROLLED', '2023-01-05 00:00:00', '2023-01-05 00:00:00', 'New'),
(49, '2023-2024', 3, 1000000297, 'ENROLLED', '2023-01-05 00:00:00', '2023-01-05 00:00:00', 'New'),
(50, '2023-2024', 6, 1000000298, 'ENROLLED', '2023-01-05 00:00:00', '2023-01-05 00:00:00', 'New'),
(51, '2023-2024', 7, 1000000298, 'ENROLLED', '2023-01-05 00:00:00', '2023-01-05 00:00:00', 'New'),
(52, '2023-2024', 1, 1000000256, 'ENROLLED', '2023-01-05 00:00:00', '2023-01-05 00:00:00', 'New'),
(53, '2023-2024', 1, 1000000257, 'ENROLLED', '2023-01-05 00:00:00', '2023-01-05 00:00:00', 'New'),
(54, '2023-2024', 1, 1000000258, 'ENROLLED', '2023-01-05 00:00:00', '2023-01-05 00:00:00', 'New'),
(55, '2023-2024', 1, 1000000259, 'ENROLLED', '2023-01-05 00:00:00', '2023-01-05 00:00:00', 'New'),
(56, '2023-2024', 1, 1000000260, 'ENROLLED', '2023-01-05 00:00:00', '2023-01-05 00:00:00', 'New'),
(57, '2023-2024', 1, 1000000261, 'ENROLLED', '2023-01-05 00:00:00', '2023-01-05 00:00:00', 'New'),
(58, '2023-2024', 1, 1000000262, 'ENROLLED', '2023-01-05 00:00:00', '2023-01-05 00:00:00', 'New'),
(59, '2023-2024', 1, 1000000263, 'ENROLLED', '2023-01-05 00:00:00', '2023-01-05 00:00:00', 'New'),
(60, '2023-2024', 1, 1000000267, 'ENROLLED', '2023-01-05 00:00:00', '2023-01-05 00:00:00', 'New'),
(61, '2023-2024', 1, 1000000264, 'ENROLLED', '2023-01-05 00:00:00', '2023-01-05 00:00:00', 'New'),
(62, '2023-2024', 1, 1000000265, 'ENROLLED', '2023-01-05 00:00:00', '2023-01-05 00:00:00', 'New'),
(63, '2023-2024', 1, 1000000268, 'ENROLLED', '2023-01-05 00:00:00', '2023-01-05 00:00:00', 'New'),
(64, '2023-2024', 1, 1000000270, 'ENROLLED', '2023-01-05 00:00:00', '2023-01-05 00:00:00', 'New'),
(65, '2023-2024', 1, 1000000271, 'ENROLLED', '2023-01-05 00:00:00', '2023-01-05 00:00:00', 'New'),
(66, '2023-2024', 1, 1000000272, 'ENROLLED', '2023-01-05 00:00:00', '2023-01-05 00:00:00', 'New'),
(67, '2023-2024', 1, 1000000273, 'ENROLLED', '2023-01-05 00:00:00', '2023-01-05 00:00:00', 'New'),
(68, '2023-2024', 1, 1000000274, 'ENROLLED', '2023-01-05 00:00:00', '2023-01-05 00:00:00', 'New'),
(69, '2023-2024', 1, 1000000275, 'ENROLLED', '2023-01-05 00:00:00', '2023-01-05 00:00:00', 'New'),
(70, '2023-2024', 1, 1000000276, 'ENROLLED', '2023-01-05 00:00:00', '2023-01-05 00:00:00', 'New'),
(71, '2023-2024', 1, 1000000277, 'ENROLLED', '2023-01-05 00:00:00', '2023-01-05 00:00:00', 'New'),
(72, '2023-2024', 1, 1000000278, 'ENROLLED', '2023-01-05 00:00:00', '2023-01-05 00:00:00', 'New'),
(73, '2023-2024', 1, 1000000279, 'ENROLLED', '2023-01-05 00:00:00', '2023-01-05 00:00:00', 'New'),
(74, '2023-2024', 10, 1000000280, 'ENROLLED', '2023-01-05 00:00:00', '2023-01-05 00:00:00', 'New'),
(75, '2023-2024', 11, 1000000281, 'ENROLLED', '2023-01-05 00:00:00', '2023-01-05 00:00:00', 'New'),
(76, '2023-2024', 9, 1000000282, 'ENROLLED', '2023-01-05 00:00:00', '2023-01-05 00:00:00', 'New'),
(77, '2023-2024', 8, 1000000283, 'ENROLLED', '2023-01-05 00:00:00', '2023-01-05 00:00:00', 'New'),
(78, '2023-2024', 10, 1000000284, 'ENROLLED', '2023-01-05 00:00:00', '2023-01-05 00:00:00', 'New'),
(79, '2023-2024', 10, 1000000285, 'ENROLLED', '2023-01-05 00:00:00', '2023-01-05 00:00:00', 'New'),
(80, '2023-2024', 9, 1000000286, 'ENROLLED', '2023-01-05 00:00:00', '2023-01-05 00:00:00', 'New'),
(81, '2023-2024', 8, 1000000288, 'ENROLLED', '2023-01-05 00:00:00', '2023-01-05 00:00:00', 'New'),
(82, '2023-2024', 11, 1000000289, 'ENROLLED', '2023-01-05 00:00:00', '2023-01-05 00:00:00', 'New'),
(83, '2023-2024', 9, 1000000287, 'ENROLLED', '2023-01-05 00:00:00', '2023-01-05 00:00:00', 'New'),
(84, '2023-2024', 1, 1000000300, 'ENROLLED', '2023-01-05 00:00:00', '2023-01-05 00:00:00', 'New'),
(85, '2023-2024', 2, 1000000300, 'ENROLLED', '2023-01-05 00:00:00', '2023-01-05 00:00:00', 'New'),
(86, '2023-2024', 7, 1000000301, 'ENROLLED', '2023-01-05 00:00:00', '2023-01-05 00:00:00', 'New'),
(87, '2023-2024', 3, 1000000292, 'ENROLLED', '2023-01-06 00:00:00', '2023-01-06 00:00:00', 'New'),
(88, '2023-2024', 1, 1000000302, 'ENROLLED', '2023-01-06 00:00:00', '2023-01-06 00:00:00', 'New'),
(89, '2023-2024', 1, 1000000302, 'ENROLLED', '2023-01-06 00:00:00', '2023-01-06 00:00:00', 'New'),
(90, '2023-2024', 2, 1000000302, 'ENROLLED', '2023-01-06 00:00:00', '2023-01-06 00:00:00', 'New'),
(91, '2023-2024', 10, 1000000303, 'ENROLLED', '2023-01-06 00:00:00', '2023-01-06 00:00:00', 'New'),
(92, '2023-2024', 1, 1000000304, 'ENROLLED', '2023-01-09 00:00:00', '2023-01-09 00:00:00', 'New'),
(93, '2023-2024', 1, 1000000254, 'ENROLLED', '2023-02-10 00:00:00', '2023-02-10 00:00:00', 'New'),
(94, '2023-2024', 1, 1000000305, 'ENROLLED', '2023-02-10 00:00:00', '2023-02-10 00:00:00', 'New'),
(95, '2023-2024', 9, 1000000255, 'ENROLLED', '2023-02-14 00:00:00', '2023-02-14 00:00:00', 'New'),
(96, '2023-2024', 10, 1000000294, 'ENROLLED', '2023-02-14 00:00:00', '2023-02-14 00:00:00', 'New'),
(97, '2023-2024', 11, 1000000306, 'ENROLLED', '2023-02-14 00:00:00', '2023-02-14 00:00:00', 'New'),
(98, '2023-2024', 8, 1000000299, 'ENROLLED', '2023-03-02 00:00:00', '2023-03-02 00:00:00', 'New'),
(99, '2023-2024', 8, 1000000298, 'ENROLLED', '2023-03-23 00:00:00', '2023-03-23 00:00:00', 'New'),
(100, '2023-2024', 8, 1000000298, 'ENROLLED', '2023-03-23 00:00:00', '2023-03-23 00:00:00', 'New'),
(101, '2023-2024', 11, 1000000306, 'ENROLLED', '2023-03-23 00:00:00', '2023-03-23 00:00:00', 'New'),
(102, '2023-2024', 8, 1000000299, 'ENROLLED', '2023-03-23 00:00:00', '2023-03-23 00:00:00', 'New'),
(103, '2023-2024', 7, 1000000301, 'ENROLLED', '2023-03-23 00:00:00', '2023-03-23 00:00:00', 'New');

-- --------------------------------------------------------

--
-- Table structure for table `studentschedule`
--

CREATE TABLE `studentschedule` (
  `CLASS_ID` int(11) NOT NULL,
  `SUBJ_ID` int(11) NOT NULL,
  `schedID` int(11) NOT NULL,
  `AY` varchar(11) NOT NULL,
  `DAY` varchar(20) NOT NULL,
  `C_TIME` varchar(30) NOT NULL,
  `IDNO` int(11) NOT NULL,
  `ROOM` text NOT NULL,
  `CSECTION` varchar(30) NOT NULL DEFAULT 'NONE',
  `COURSE_ID` int(11) NOT NULL
) ENGINE=InnoDB DEFAULT CHARSET=latin1;

-- --------------------------------------------------------

--
-- Table structure for table `studentsubjects`
--

CREATE TABLE `studentsubjects` (
  `STUDSUBJ_ID` int(11) NOT NULL,
  `IDNO` int(11) NOT NULL DEFAULT 0,
  `SUBJ_ID` int(11) NOT NULL DEFAULT 0,
  `LEVEL` int(11) NOT NULL DEFAULT 0,
  `SY` text NOT NULL,
  `ATTEMP` int(11) NOT NULL DEFAULT 0,
  `AVERAGE` double NOT NULL DEFAULT 0,
  `OUTCOME` text NOT NULL
) ENGINE=InnoDB DEFAULT CHARSET=latin1;

--
-- Dumping data for table `studentsubjects`
--

INSERT INTO `studentsubjects` (`STUDSUBJ_ID`, `IDNO`, `SUBJ_ID`, `LEVEL`, `SY`, `ATTEMP`, `AVERAGE`, `OUTCOME`) VALUES
(1, 1000000214, 1, 1, '2022-2023', 1, 75, 'Passed'),
(2, 1000000214, 2, 1, '2022-2023', 1, 75, 'Passed'),
(3, 1000000214, 5, 1, '2022-2023', 1, 0, '-'),
(4, 1000000214, 8, 1, '2022-2023', 1, 75, 'Passed'),
(5, 1000000215, 1, 1, '2022-2023', 1, 84.4, 'Passed'),
(6, 1000000215, 2, 1, '2022-2023', 1, 0, '-'),
(7, 1000000215, 5, 1, '2022-2023', 1, 0, '-'),
(8, 1000000215, 8, 1, '2022-2023', 1, 0, '-'),
(9, 1000000216, 1, 1, '2022-2023', 1, 75, 'Passed'),
(10, 1000000216, 2, 1, '2022-2023', 1, 76, 'Passed'),
(11, 1000000216, 5, 1, '2022-2023', 1, 0, '-'),
(12, 1000000216, 8, 1, '2022-2023', 1, 0, '-'),
(13, 1000000217, 1, 1, '2022-2023', 1, 0, '-'),
(14, 1000000217, 2, 1, '2022-2023', 1, 0, '-'),
(15, 1000000217, 5, 1, '2022-2023', 1, 0, '-'),
(16, 1000000217, 8, 1, '2022-2023', 1, 0, '-'),
(17, 1000000218, 1, 1, '2022-2023', 1, 0, '-'),
(18, 1000000218, 2, 1, '2022-2023', 1, 0, '-'),
(19, 1000000218, 5, 1, '2022-2023', 1, 0, '-'),
(20, 1000000218, 8, 1, '2022-2023', 1, 0, '-'),
(21, 1000000219, 7, 1, '2022-2023', 1, 78.8, 'Passed'),
(22, 1000000220, 1, 1, '2022-2023', 1, 0, '-'),
(23, 1000000220, 2, 1, '2022-2023', 1, 0, '-'),
(24, 1000000220, 5, 1, '2022-2023', 1, 0, '-'),
(25, 1000000220, 8, 1, '2022-2023', 1, 0, '-'),
(26, 1000000221, 1, 1, '2022-2023', 1, 0, '-'),
(27, 1000000221, 2, 1, '2022-2023', 1, 0, '-'),
(28, 1000000221, 5, 1, '2022-2023', 1, 0, '-'),
(29, 1000000221, 8, 1, '2022-2023', 1, 0, '-'),
(30, 1000000222, 1, 1, '2022-2023', 1, 0, '-'),
(31, 1000000222, 2, 1, '2022-2023', 1, 0, '-'),
(32, 1000000222, 8, 1, '2022-2023', 1, 0, '-'),
(33, 1000000224, 1, 1, '2022-2023', 1, 0, '-'),
(34, 1000000224, 2, 1, '2022-2023', 1, 0, '-'),
(35, 1000000224, 8, 1, '2022-2023', 1, 0, '-'),
(36, 1000000214, 4, 2, '2022-2023', 1, 0, ''),
(37, 1000000219, 9, 7, '2022-2023', 1, 88, 'Passed'),
(38, 1000000219, 11, 8, '2022-2023', 1, 99, 'Passed'),
(39, 1000000225, 1, 1, '2022-2023', 1, 0, ''),
(40, 1000000225, 2, 1, '2022-2023', 1, 0, ''),
(41, 1000000225, 8, 1, '2022-2023', 1, 0, ''),
(42, 1000000232, 1, 1, '2022-2023', 1, 0, ''),
(43, 1000000232, 2, 1, '2022-2023', 1, 0, ''),
(44, 1000000232, 8, 1, '2022-2023', 1, 0, ''),
(45, 1000000236, 1, 1, '2022-2023', 1, 0, ''),
(46, 1000000236, 2, 1, '2022-2023', 1, 0, ''),
(47, 1000000236, 8, 1, '2022-2023', 1, 0, ''),
(48, 1000000237, 10, 11, '2022-2023', 1, 0, ''),
(49, 1000000238, 1, 1, '2022-2023', 1, 0, ''),
(50, 1000000238, 2, 1, '2022-2023', 1, 0, ''),
(51, 1000000238, 8, 1, '2022-2023', 1, 0, ''),
(52, 1000000239, 1, 1, '2022-2023', 1, 0, ''),
(53, 1000000239, 2, 1, '2022-2023', 1, 0, ''),
(54, 1000000239, 8, 1, '2022-2023', 1, 0, ''),
(55, 1000000240, 1, 1, '2022-2023', 1, 89.8, 'Passed'),
(56, 1000000240, 2, 1, '2022-2023', 1, 0, ''),
(57, 1000000240, 8, 1, '2022-2023', 1, 0, ''),
(58, 1000000241, 1, 1, '2022-2023', 1, 0, ''),
(59, 1000000241, 2, 1, '2022-2023', 1, 0, ''),
(60, 1000000241, 8, 1, '2022-2023', 1, 0, ''),
(61, 1000000242, 1, 1, '2022-2023', 1, 0, ''),
(62, 1000000242, 2, 1, '2022-2023', 1, 0, ''),
(63, 1000000242, 8, 1, '2022-2023', 1, 0, ''),
(64, 1000000243, 1, 1, '2022-2023', 1, 0, ''),
(65, 1000000243, 2, 1, '2022-2023', 1, 0, ''),
(66, 1000000243, 8, 1, '2022-2023', 1, 0, ''),
(67, 1000000244, 1, 1, '2022-2023', 1, 0, ''),
(68, 1000000244, 2, 1, '2022-2023', 1, 0, ''),
(69, 1000000244, 8, 1, '2022-2023', 1, 0, ''),
(70, 1000000245, 1, 1, '2022-2023', 1, 0, ''),
(71, 1000000245, 2, 1, '2022-2023', 1, 0, ''),
(72, 1000000245, 8, 1, '2022-2023', 1, 0, ''),
(73, 1000000246, 1, 1, '2022-2023', 1, 0, ''),
(74, 1000000246, 2, 1, '2022-2023', 1, 0, ''),
(75, 1000000246, 8, 1, '2022-2023', 1, 0, ''),
(76, 1000000247, 1, 1, '2022-2023', 1, 0, ''),
(77, 1000000247, 2, 1, '2022-2023', 1, 0, ''),
(78, 1000000247, 8, 1, '2022-2023', 1, 0, ''),
(79, 1000000248, 1, 1, '2022-2023', 1, 0, ''),
(80, 1000000248, 2, 1, '2022-2023', 1, 0, ''),
(81, 1000000248, 8, 1, '2022-2023', 1, 0, ''),
(82, 1000000248, 1, 1, '2022-2023', 1, 0, ''),
(83, 1000000248, 2, 1, '2022-2023', 1, 0, ''),
(84, 1000000248, 8, 1, '2022-2023', 1, 0, ''),
(85, 1000000249, 1, 1, '2022-2023', 1, 0, ''),
(86, 1000000249, 2, 1, '2022-2023', 1, 0, ''),
(87, 1000000249, 8, 1, '2022-2023', 1, 0, ''),
(88, 1000000253, 12, 1, '2023-2024', 1, 0, ''),
(89, 1000000253, 13, 1, '2023-2024', 1, 0, ''),
(90, 1000000253, 14, 1, '2023-2024', 1, 0, ''),
(91, 1000000253, 15, 1, '2023-2024', 1, 0, ''),
(92, 1000000253, 16, 1, '2023-2024', 1, 0, ''),
(93, 1000000253, 17, 1, '2023-2024', 1, 0, ''),
(94, 1000000290, 12, 1, '2023-2024', 1, 0, ''),
(95, 1000000290, 13, 1, '2023-2024', 1, 0, ''),
(96, 1000000290, 14, 1, '2023-2024', 1, 0, ''),
(97, 1000000290, 15, 1, '2023-2024', 1, 0, ''),
(98, 1000000290, 16, 1, '2023-2024', 1, 0, ''),
(99, 1000000290, 17, 1, '2023-2024', 1, 0, ''),
(100, 1000000291, 12, 1, '2023-2024', 1, 0, ''),
(101, 1000000291, 13, 1, '2023-2024', 1, 0, ''),
(102, 1000000291, 14, 1, '2023-2024', 1, 0, ''),
(103, 1000000291, 15, 1, '2023-2024', 1, 0, ''),
(104, 1000000291, 16, 1, '2023-2024', 1, 0, ''),
(105, 1000000291, 17, 1, '2023-2024', 1, 0, ''),
(106, 1000000292, 12, 1, '2023-2024', 1, 90, 'Passed'),
(107, 1000000292, 13, 1, '2023-2024', 1, 90, 'Passed'),
(108, 1000000292, 14, 1, '2023-2024', 1, 90, 'Passed'),
(109, 1000000292, 15, 1, '2023-2024', 1, 90, 'Passed'),
(110, 1000000292, 16, 1, '2023-2024', 1, 90, 'Passed'),
(111, 1000000292, 17, 1, '2023-2024', 1, 90, 'Passed'),
(112, 1000000293, 12, 1, '2023-2024', 1, 90, 'Passed'),
(113, 1000000293, 13, 1, '2023-2024', 1, 90.4, 'Passed'),
(114, 1000000293, 14, 1, '2023-2024', 1, 88.2, 'Passed'),
(115, 1000000293, 15, 1, '2023-2024', 1, 89.4, 'Passed'),
(116, 1000000293, 16, 1, '2023-2024', 1, 89.4, 'Passed'),
(117, 1000000293, 17, 1, '2023-2024', 1, 92, 'Passed'),
(118, 1000000292, 18, 2, '2023-2024', 1, 90, 'Passed'),
(119, 1000000292, 19, 2, '2023-2024', 1, 90, 'Passed'),
(120, 1000000292, 20, 2, '2023-2024', 1, 90, 'Passed'),
(121, 1000000292, 23, 2, '2023-2024', 1, 90, 'Passed'),
(122, 1000000292, 24, 2, '2023-2024', 1, 90, 'Passed'),
(123, 1000000292, 25, 2, '2023-2024', 1, 90, 'Passed'),
(124, 1000000293, 18, 2, '2023-2024', 1, 93.8, 'Passed'),
(125, 1000000293, 19, 2, '2023-2024', 1, 98.6, 'Passed'),
(126, 1000000293, 20, 2, '2023-2024', 1, 98.8, 'Passed'),
(127, 1000000293, 23, 2, '2023-2024', 1, 92.4, 'Passed'),
(128, 1000000293, 24, 2, '2023-2024', 1, 99, 'Passed'),
(129, 1000000293, 25, 2, '2023-2024', 1, 96.8, 'Passed'),
(130, 1000000294, 53, 9, '2023-2024', 1, 75, 'Passed'),
(131, 1000000294, 54, 9, '2023-2024', 1, 99, 'Passed'),
(132, 1000000294, 55, 9, '2023-2024', 1, 88, 'Passed'),
(133, 1000000294, 56, 9, '2023-2024', 1, 85.8, 'Passed'),
(134, 1000000294, 57, 9, '2023-2024', 1, 99, 'Passed'),
(135, 1000000294, 58, 9, '2023-2024', 1, 98.6, 'Passed'),
(136, 1000000294, 59, 9, '2023-2024', 1, 97, 'Passed'),
(137, 1000000295, 53, 9, '2023-2024', 1, 90, 'Passed'),
(138, 1000000295, 54, 9, '2023-2024', 1, 90, 'Passed'),
(139, 1000000295, 55, 9, '2023-2024', 1, 90, 'Passed'),
(140, 1000000295, 56, 9, '2023-2024', 1, 90, 'Passed'),
(141, 1000000295, 57, 9, '2023-2024', 1, 90, 'Passed'),
(142, 1000000295, 58, 9, '2023-2024', 1, 90, 'Passed'),
(143, 1000000295, 59, 9, '2023-2024', 1, 90, 'Passed'),
(144, 1000000296, 12, 1, '2023-2024', 1, 90, 'Passed'),
(145, 1000000296, 13, 1, '2023-2024', 1, 90, 'Passed'),
(146, 1000000296, 14, 1, '2023-2024', 1, 90, 'Passed'),
(147, 1000000296, 15, 1, '2023-2024', 1, 90, 'Passed'),
(148, 1000000296, 16, 1, '2023-2024', 1, 90, 'Passed'),
(149, 1000000296, 17, 1, '2023-2024', 1, 90, 'Passed'),
(150, 1000000296, 18, 2, '2023-2024', 1, 0, ''),
(151, 1000000296, 19, 2, '2023-2024', 1, 0, ''),
(152, 1000000296, 20, 2, '2023-2024', 1, 0, ''),
(153, 1000000296, 23, 2, '2023-2024', 1, 0, ''),
(154, 1000000296, 24, 2, '2023-2024', 1, 0, ''),
(155, 1000000296, 25, 2, '2023-2024', 1, 0, ''),
(156, 1000000297, 12, 1, '2023-2024', 1, 99, 'Passed'),
(157, 1000000297, 13, 1, '2023-2024', 1, 96.8, 'Passed'),
(158, 1000000297, 14, 1, '2023-2024', 1, 99, 'Passed'),
(159, 1000000297, 15, 1, '2023-2024', 1, 99, 'Passed'),
(160, 1000000297, 16, 1, '2023-2024', 1, 99, 'Passed'),
(161, 1000000297, 17, 1, '2023-2024', 1, 99, 'Passed'),
(162, 1000000297, 18, 2, '2023-2024', 1, 99, 'Passed'),
(163, 1000000297, 19, 2, '2023-2024', 1, 99, 'Passed'),
(164, 1000000297, 20, 2, '2023-2024', 1, 99, 'Passed'),
(165, 1000000297, 23, 2, '2023-2024', 1, 99, 'Passed'),
(166, 1000000297, 24, 2, '2023-2024', 1, 99, 'Passed'),
(167, 1000000297, 25, 2, '2023-2024', 1, 99, 'Passed'),
(168, 1000000297, 26, 3, '2023-2024', 1, 0, ''),
(169, 1000000297, 27, 3, '2023-2024', 1, 0, ''),
(170, 1000000297, 28, 3, '2023-2024', 1, 0, ''),
(171, 1000000297, 29, 3, '2023-2024', 1, 0, ''),
(172, 1000000297, 30, 3, '2023-2024', 1, 0, ''),
(173, 1000000297, 31, 3, '2023-2024', 1, 0, ''),
(174, 1000000298, 32, 6, '2023-2024', 1, 99, 'Passed'),
(175, 1000000298, 33, 6, '2023-2024', 1, 99, 'Passed'),
(176, 1000000298, 34, 6, '2023-2024', 1, 99, 'Passed'),
(177, 1000000298, 35, 6, '2023-2024', 1, 99, 'Passed'),
(178, 1000000298, 36, 6, '2023-2024', 1, 99, 'Passed'),
(179, 1000000298, 37, 6, '2023-2024', 1, 99, 'Passed'),
(180, 1000000298, 38, 6, '2023-2024', 1, 99, 'Passed'),
(181, 1000000298, 39, 7, '2023-2024', 1, 99, 'Passed'),
(182, 1000000298, 40, 7, '2023-2024', 1, 99, 'Passed'),
(183, 1000000298, 41, 7, '2023-2024', 1, 99, 'Passed'),
(184, 1000000298, 42, 7, '2023-2024', 1, 99, 'Passed'),
(185, 1000000298, 43, 7, '2023-2024', 1, 99, 'Passed'),
(186, 1000000298, 44, 7, '2023-2024', 1, 99, 'Passed'),
(187, 1000000298, 45, 7, '2023-2024', 1, 99, 'Passed'),
(188, 1000000256, 12, 1, '2023-2024', 1, 0, ''),
(189, 1000000256, 13, 1, '2023-2024', 1, 0, ''),
(190, 1000000256, 14, 1, '2023-2024', 1, 0, ''),
(191, 1000000256, 15, 1, '2023-2024', 1, 0, ''),
(192, 1000000256, 16, 1, '2023-2024', 1, 0, ''),
(193, 1000000256, 17, 1, '2023-2024', 1, 0, ''),
(194, 1000000257, 12, 1, '2023-2024', 1, 0, ''),
(195, 1000000257, 13, 1, '2023-2024', 1, 0, ''),
(196, 1000000257, 14, 1, '2023-2024', 1, 0, ''),
(197, 1000000257, 15, 1, '2023-2024', 1, 0, ''),
(198, 1000000257, 16, 1, '2023-2024', 1, 0, ''),
(199, 1000000257, 17, 1, '2023-2024', 1, 0, ''),
(200, 1000000258, 12, 1, '2023-2024', 1, 0, ''),
(201, 1000000258, 13, 1, '2023-2024', 1, 0, ''),
(202, 1000000258, 14, 1, '2023-2024', 1, 0, ''),
(203, 1000000258, 15, 1, '2023-2024', 1, 0, ''),
(204, 1000000258, 16, 1, '2023-2024', 1, 0, ''),
(205, 1000000258, 17, 1, '2023-2024', 1, 0, ''),
(206, 1000000259, 12, 1, '2023-2024', 1, 0, ''),
(207, 1000000259, 13, 1, '2023-2024', 1, 0, ''),
(208, 1000000259, 14, 1, '2023-2024', 1, 0, ''),
(209, 1000000259, 15, 1, '2023-2024', 1, 0, ''),
(210, 1000000259, 16, 1, '2023-2024', 1, 0, ''),
(211, 1000000259, 17, 1, '2023-2024', 1, 0, ''),
(212, 1000000260, 12, 1, '2023-2024', 1, 0, ''),
(213, 1000000260, 13, 1, '2023-2024', 1, 0, ''),
(214, 1000000260, 14, 1, '2023-2024', 1, 0, ''),
(215, 1000000260, 15, 1, '2023-2024', 1, 0, ''),
(216, 1000000260, 16, 1, '2023-2024', 1, 0, ''),
(217, 1000000260, 17, 1, '2023-2024', 1, 0, ''),
(218, 1000000261, 12, 1, '2023-2024', 1, 0, ''),
(219, 1000000261, 13, 1, '2023-2024', 1, 0, ''),
(220, 1000000261, 14, 1, '2023-2024', 1, 0, ''),
(221, 1000000261, 15, 1, '2023-2024', 1, 0, ''),
(222, 1000000261, 16, 1, '2023-2024', 1, 0, ''),
(223, 1000000261, 17, 1, '2023-2024', 1, 0, ''),
(224, 1000000262, 12, 1, '2023-2024', 1, 0, ''),
(225, 1000000262, 13, 1, '2023-2024', 1, 0, ''),
(226, 1000000262, 14, 1, '2023-2024', 1, 0, ''),
(227, 1000000262, 15, 1, '2023-2024', 1, 0, ''),
(228, 1000000262, 16, 1, '2023-2024', 1, 0, ''),
(229, 1000000262, 17, 1, '2023-2024', 1, 0, ''),
(230, 1000000263, 12, 1, '2023-2024', 1, 0, ''),
(231, 1000000263, 13, 1, '2023-2024', 1, 0, ''),
(232, 1000000263, 14, 1, '2023-2024', 1, 0, ''),
(233, 1000000263, 15, 1, '2023-2024', 1, 0, ''),
(234, 1000000263, 16, 1, '2023-2024', 1, 0, ''),
(235, 1000000263, 17, 1, '2023-2024', 1, 0, ''),
(236, 1000000267, 12, 1, '2023-2024', 1, 0, ''),
(237, 1000000267, 13, 1, '2023-2024', 1, 0, ''),
(238, 1000000267, 14, 1, '2023-2024', 1, 0, ''),
(239, 1000000267, 15, 1, '2023-2024', 1, 0, ''),
(240, 1000000267, 16, 1, '2023-2024', 1, 0, ''),
(241, 1000000267, 17, 1, '2023-2024', 1, 0, ''),
(242, 1000000264, 12, 1, '2023-2024', 1, 0, ''),
(243, 1000000264, 13, 1, '2023-2024', 1, 0, ''),
(244, 1000000264, 14, 1, '2023-2024', 1, 0, ''),
(245, 1000000264, 15, 1, '2023-2024', 1, 0, ''),
(246, 1000000264, 16, 1, '2023-2024', 1, 0, ''),
(247, 1000000264, 17, 1, '2023-2024', 1, 0, ''),
(248, 1000000265, 12, 1, '2023-2024', 1, 0, ''),
(249, 1000000265, 13, 1, '2023-2024', 1, 0, ''),
(250, 1000000265, 14, 1, '2023-2024', 1, 0, ''),
(251, 1000000265, 15, 1, '2023-2024', 1, 0, ''),
(252, 1000000265, 16, 1, '2023-2024', 1, 0, ''),
(253, 1000000265, 17, 1, '2023-2024', 1, 0, ''),
(254, 1000000268, 12, 1, '2023-2024', 1, 0, ''),
(255, 1000000268, 13, 1, '2023-2024', 1, 0, ''),
(256, 1000000268, 14, 1, '2023-2024', 1, 0, ''),
(257, 1000000268, 15, 1, '2023-2024', 1, 0, ''),
(258, 1000000268, 16, 1, '2023-2024', 1, 0, ''),
(259, 1000000268, 17, 1, '2023-2024', 1, 0, ''),
(260, 1000000270, 12, 1, '2023-2024', 1, 0, ''),
(261, 1000000270, 13, 1, '2023-2024', 1, 0, ''),
(262, 1000000270, 14, 1, '2023-2024', 1, 0, ''),
(263, 1000000270, 15, 1, '2023-2024', 1, 0, ''),
(264, 1000000270, 16, 1, '2023-2024', 1, 0, ''),
(265, 1000000270, 17, 1, '2023-2024', 1, 0, ''),
(266, 1000000271, 12, 1, '2023-2024', 1, 0, ''),
(267, 1000000271, 13, 1, '2023-2024', 1, 0, ''),
(268, 1000000271, 14, 1, '2023-2024', 1, 0, ''),
(269, 1000000271, 15, 1, '2023-2024', 1, 0, ''),
(270, 1000000271, 16, 1, '2023-2024', 1, 0, ''),
(271, 1000000271, 17, 1, '2023-2024', 1, 0, ''),
(272, 1000000272, 12, 1, '2023-2024', 1, 0, ''),
(273, 1000000272, 13, 1, '2023-2024', 1, 0, ''),
(274, 1000000272, 14, 1, '2023-2024', 1, 0, ''),
(275, 1000000272, 15, 1, '2023-2024', 1, 0, ''),
(276, 1000000272, 16, 1, '2023-2024', 1, 0, ''),
(277, 1000000272, 17, 1, '2023-2024', 1, 0, ''),
(278, 1000000273, 12, 1, '2023-2024', 1, 0, ''),
(279, 1000000273, 13, 1, '2023-2024', 1, 0, ''),
(280, 1000000273, 14, 1, '2023-2024', 1, 0, ''),
(281, 1000000273, 15, 1, '2023-2024', 1, 0, ''),
(282, 1000000273, 16, 1, '2023-2024', 1, 0, ''),
(283, 1000000273, 17, 1, '2023-2024', 1, 0, ''),
(284, 1000000274, 12, 1, '2023-2024', 1, 0, ''),
(285, 1000000274, 13, 1, '2023-2024', 1, 0, ''),
(286, 1000000274, 14, 1, '2023-2024', 1, 0, ''),
(287, 1000000274, 15, 1, '2023-2024', 1, 0, ''),
(288, 1000000274, 16, 1, '2023-2024', 1, 0, ''),
(289, 1000000274, 17, 1, '2023-2024', 1, 0, ''),
(290, 1000000275, 12, 1, '2023-2024', 1, 0, ''),
(291, 1000000275, 13, 1, '2023-2024', 1, 0, ''),
(292, 1000000275, 14, 1, '2023-2024', 1, 0, ''),
(293, 1000000275, 15, 1, '2023-2024', 1, 0, ''),
(294, 1000000275, 16, 1, '2023-2024', 1, 0, ''),
(295, 1000000275, 17, 1, '2023-2024', 1, 0, ''),
(296, 1000000276, 12, 1, '2023-2024', 1, 0, ''),
(297, 1000000276, 13, 1, '2023-2024', 1, 0, ''),
(298, 1000000276, 14, 1, '2023-2024', 1, 0, ''),
(299, 1000000276, 15, 1, '2023-2024', 1, 0, ''),
(300, 1000000276, 16, 1, '2023-2024', 1, 0, ''),
(301, 1000000276, 17, 1, '2023-2024', 1, 0, ''),
(302, 1000000277, 12, 1, '2023-2024', 1, 0, ''),
(303, 1000000277, 13, 1, '2023-2024', 1, 0, ''),
(304, 1000000277, 14, 1, '2023-2024', 1, 0, ''),
(305, 1000000277, 15, 1, '2023-2024', 1, 0, ''),
(306, 1000000277, 16, 1, '2023-2024', 1, 0, ''),
(307, 1000000277, 17, 1, '2023-2024', 1, 0, ''),
(308, 1000000278, 12, 1, '2023-2024', 1, 0, ''),
(309, 1000000278, 13, 1, '2023-2024', 1, 0, ''),
(310, 1000000278, 14, 1, '2023-2024', 1, 0, ''),
(311, 1000000278, 15, 1, '2023-2024', 1, 0, ''),
(312, 1000000278, 16, 1, '2023-2024', 1, 0, ''),
(313, 1000000278, 17, 1, '2023-2024', 1, 0, ''),
(314, 1000000279, 12, 1, '2023-2024', 1, 0, ''),
(315, 1000000279, 13, 1, '2023-2024', 1, 0, ''),
(316, 1000000279, 14, 1, '2023-2024', 1, 0, ''),
(317, 1000000279, 15, 1, '2023-2024', 1, 0, ''),
(318, 1000000279, 16, 1, '2023-2024', 1, 0, ''),
(319, 1000000279, 17, 1, '2023-2024', 1, 0, ''),
(320, 1000000280, 60, 10, '2023-2024', 1, 0, ''),
(321, 1000000280, 61, 10, '2023-2024', 1, 0, ''),
(322, 1000000280, 62, 10, '2023-2024', 1, 0, ''),
(323, 1000000280, 63, 10, '2023-2024', 1, 0, ''),
(324, 1000000280, 64, 10, '2023-2024', 1, 0, ''),
(325, 1000000280, 65, 10, '2023-2024', 1, 0, ''),
(326, 1000000280, 66, 10, '2023-2024', 1, 0, ''),
(327, 1000000281, 67, 11, '2023-2024', 1, 0, ''),
(328, 1000000281, 68, 11, '2023-2024', 1, 0, ''),
(329, 1000000281, 69, 11, '2023-2024', 1, 0, ''),
(330, 1000000281, 70, 11, '2023-2024', 1, 0, ''),
(331, 1000000281, 71, 11, '2023-2024', 1, 0, ''),
(332, 1000000281, 72, 11, '2023-2024', 1, 0, ''),
(333, 1000000281, 73, 11, '2023-2024', 1, 0, ''),
(334, 1000000282, 53, 9, '2023-2024', 1, 0, ''),
(335, 1000000282, 54, 9, '2023-2024', 1, 0, ''),
(336, 1000000282, 55, 9, '2023-2024', 1, 0, ''),
(337, 1000000282, 56, 9, '2023-2024', 1, 0, ''),
(338, 1000000282, 57, 9, '2023-2024', 1, 0, ''),
(339, 1000000282, 58, 9, '2023-2024', 1, 0, ''),
(340, 1000000282, 59, 9, '2023-2024', 1, 0, ''),
(341, 1000000283, 46, 8, '2023-2024', 1, 0, ''),
(342, 1000000283, 47, 8, '2023-2024', 1, 0, ''),
(343, 1000000283, 48, 8, '2023-2024', 1, 0, ''),
(344, 1000000283, 49, 8, '2023-2024', 1, 0, ''),
(345, 1000000283, 50, 8, '2023-2024', 1, 0, ''),
(346, 1000000283, 51, 8, '2023-2024', 1, 0, ''),
(347, 1000000283, 52, 8, '2023-2024', 1, 0, ''),
(348, 1000000284, 60, 10, '2023-2024', 1, 0, ''),
(349, 1000000284, 61, 10, '2023-2024', 1, 0, ''),
(350, 1000000284, 62, 10, '2023-2024', 1, 0, ''),
(351, 1000000284, 63, 10, '2023-2024', 1, 0, ''),
(352, 1000000284, 64, 10, '2023-2024', 1, 0, ''),
(353, 1000000284, 65, 10, '2023-2024', 1, 0, ''),
(354, 1000000284, 66, 10, '2023-2024', 1, 0, ''),
(355, 1000000285, 60, 10, '2023-2024', 1, 0, ''),
(356, 1000000285, 61, 10, '2023-2024', 1, 0, ''),
(357, 1000000285, 62, 10, '2023-2024', 1, 0, ''),
(358, 1000000285, 63, 10, '2023-2024', 1, 0, ''),
(359, 1000000285, 64, 10, '2023-2024', 1, 0, ''),
(360, 1000000285, 65, 10, '2023-2024', 1, 0, ''),
(361, 1000000285, 66, 10, '2023-2024', 1, 0, ''),
(362, 1000000286, 53, 9, '2023-2024', 1, 0, ''),
(363, 1000000286, 54, 9, '2023-2024', 1, 0, ''),
(364, 1000000286, 55, 9, '2023-2024', 1, 0, ''),
(365, 1000000286, 56, 9, '2023-2024', 1, 0, ''),
(366, 1000000286, 57, 9, '2023-2024', 1, 0, ''),
(367, 1000000286, 58, 9, '2023-2024', 1, 0, ''),
(368, 1000000286, 59, 9, '2023-2024', 1, 0, ''),
(369, 1000000288, 46, 8, '2023-2024', 1, 0, ''),
(370, 1000000288, 47, 8, '2023-2024', 1, 0, ''),
(371, 1000000288, 48, 8, '2023-2024', 1, 0, ''),
(372, 1000000288, 49, 8, '2023-2024', 1, 0, ''),
(373, 1000000288, 50, 8, '2023-2024', 1, 0, ''),
(374, 1000000288, 51, 8, '2023-2024', 1, 0, ''),
(375, 1000000288, 52, 8, '2023-2024', 1, 0, ''),
(376, 1000000289, 67, 11, '2023-2024', 1, 0, ''),
(377, 1000000289, 68, 11, '2023-2024', 1, 0, ''),
(378, 1000000289, 69, 11, '2023-2024', 1, 0, ''),
(379, 1000000289, 70, 11, '2023-2024', 1, 0, ''),
(380, 1000000289, 71, 11, '2023-2024', 1, 0, ''),
(381, 1000000289, 72, 11, '2023-2024', 1, 0, ''),
(382, 1000000289, 73, 11, '2023-2024', 1, 0, ''),
(383, 1000000287, 53, 9, '2023-2024', 1, 0, ''),
(384, 1000000287, 54, 9, '2023-2024', 1, 0, ''),
(385, 1000000287, 55, 9, '2023-2024', 1, 0, ''),
(386, 1000000287, 56, 9, '2023-2024', 1, 0, ''),
(387, 1000000287, 57, 9, '2023-2024', 1, 0, ''),
(388, 1000000287, 58, 9, '2023-2024', 1, 0, ''),
(389, 1000000287, 59, 9, '2023-2024', 1, 0, ''),
(390, 1000000300, 12, 1, '2023-2024', 1, 90, 'Passed'),
(391, 1000000300, 13, 1, '2023-2024', 1, 80, 'Passed'),
(392, 1000000300, 14, 1, '2023-2024', 1, 80, 'Passed'),
(393, 1000000300, 15, 1, '2023-2024', 1, 90, 'Passed'),
(394, 1000000300, 16, 1, '2023-2024', 1, 90, 'Passed'),
(395, 1000000300, 17, 1, '2023-2024', 1, 90, 'Passed'),
(396, 1000000300, 18, 2, '2023-2024', 1, 90, 'Passed'),
(397, 1000000300, 19, 2, '2023-2024', 1, 90, 'Passed'),
(398, 1000000300, 20, 2, '2023-2024', 1, 90, 'Passed'),
(399, 1000000300, 23, 2, '2023-2024', 1, 90, 'Passed'),
(400, 1000000300, 24, 2, '2023-2024', 1, 90, 'Passed'),
(401, 1000000300, 25, 2, '2023-2024', 1, 90, 'Passed'),
(402, 1000000301, 39, 7, '2023-2024', 1, 0, ''),
(403, 1000000301, 40, 7, '2023-2024', 1, 0, ''),
(404, 1000000301, 41, 7, '2023-2024', 1, 0, ''),
(405, 1000000301, 42, 7, '2023-2024', 1, 0, ''),
(406, 1000000301, 43, 7, '2023-2024', 1, 0, ''),
(407, 1000000301, 44, 7, '2023-2024', 1, 0, ''),
(408, 1000000301, 45, 7, '2023-2024', 1, 0, ''),
(409, 1000000292, 26, 3, '2023-2024', 1, 18, 'Failed'),
(410, 1000000292, 27, 3, '2023-2024', 1, 0, ''),
(411, 1000000292, 28, 3, '2023-2024', 1, 0, ''),
(412, 1000000292, 29, 3, '2023-2024', 1, 0, ''),
(413, 1000000292, 30, 3, '2023-2024', 1, 0, ''),
(414, 1000000292, 31, 3, '2023-2024', 1, 0, ''),
(415, 1000000302, 12, 1, '2023-2024', 1, 90, 'Passed'),
(416, 1000000302, 13, 1, '2023-2024', 1, 90, 'Passed'),
(417, 1000000302, 14, 1, '2023-2024', 1, 90, 'Passed'),
(418, 1000000302, 15, 1, '2023-2024', 1, 90, 'Passed'),
(419, 1000000302, 16, 1, '2023-2024', 1, 90, 'Passed'),
(420, 1000000302, 17, 1, '2023-2024', 1, 0, ''),
(421, 1000000302, 12, 1, '2023-2024', 1, 90, 'Passed'),
(422, 1000000302, 13, 1, '2023-2024', 1, 90, 'Passed'),
(423, 1000000302, 14, 1, '2023-2024', 1, 90, 'Passed'),
(424, 1000000302, 15, 1, '2023-2024', 1, 90, 'Passed'),
(425, 1000000302, 16, 1, '2023-2024', 1, 90, 'Passed'),
(426, 1000000302, 17, 1, '2023-2024', 1, 0, ''),
(427, 1000000302, 18, 2, '2023-2024', 1, 0, ''),
(428, 1000000302, 19, 2, '2023-2024', 1, 0, ''),
(429, 1000000302, 20, 2, '2023-2024', 1, 0, ''),
(430, 1000000302, 23, 2, '2023-2024', 1, 0, ''),
(431, 1000000302, 24, 2, '2023-2024', 1, 0, ''),
(432, 1000000302, 25, 2, '2023-2024', 1, 0, ''),
(433, 1000000303, 60, 10, '2023-2024', 1, 0, ''),
(434, 1000000303, 61, 10, '2023-2024', 1, 0, ''),
(435, 1000000303, 62, 10, '2023-2024', 1, 0, ''),
(436, 1000000303, 63, 10, '2023-2024', 1, 0, ''),
(437, 1000000303, 64, 10, '2023-2024', 1, 0, ''),
(438, 1000000303, 65, 10, '2023-2024', 1, 0, ''),
(439, 1000000303, 66, 10, '2023-2024', 1, 0, ''),
(440, 1000000304, 12, 1, '2023-2024', 1, 90, 'Passed'),
(441, 1000000304, 13, 1, '2023-2024', 1, 90, 'Passed'),
(442, 1000000304, 14, 1, '2023-2024', 1, 90, 'Passed'),
(443, 1000000304, 15, 1, '2023-2024', 1, 90, 'Passed'),
(444, 1000000304, 16, 1, '2023-2024', 1, 90, 'Passed'),
(445, 1000000304, 17, 1, '2023-2024', 1, 90, 'Passed'),
(446, 1000000254, 12, 1, '2023-2024', 1, 0, ''),
(447, 1000000254, 13, 1, '2023-2024', 1, 0, ''),
(448, 1000000254, 14, 1, '2023-2024', 1, 0, ''),
(449, 1000000254, 15, 1, '2023-2024', 1, 0, ''),
(450, 1000000254, 16, 1, '2023-2024', 1, 0, ''),
(451, 1000000254, 17, 1, '2023-2024', 1, 0, ''),
(452, 1000000305, 12, 1, '2023-2024', 1, 90, 'Passed'),
(453, 1000000305, 13, 1, '2023-2024', 1, 90, 'Passed'),
(454, 1000000305, 14, 1, '2023-2024', 1, 90, 'Passed'),
(455, 1000000305, 15, 1, '2023-2024', 1, 90, 'Passed'),
(456, 1000000305, 16, 1, '2023-2024', 1, 90, 'Passed'),
(457, 1000000305, 17, 1, '2023-2024', 1, 90, 'Passed'),
(458, 1000000255, 53, 9, '2023-2024', 1, 0, ''),
(459, 1000000255, 54, 9, '2023-2024', 1, 0, ''),
(460, 1000000255, 55, 9, '2023-2024', 1, 0, ''),
(461, 1000000255, 56, 9, '2023-2024', 1, 0, ''),
(462, 1000000255, 57, 9, '2023-2024', 1, 0, ''),
(463, 1000000255, 58, 9, '2023-2024', 1, 0, ''),
(464, 1000000255, 59, 9, '2023-2024', 1, 0, ''),
(465, 1000000294, 60, 10, '2023-2024', 1, 0, ''),
(466, 1000000294, 61, 10, '2023-2024', 1, 0, ''),
(467, 1000000294, 62, 10, '2023-2024', 1, 0, ''),
(468, 1000000294, 63, 10, '2023-2024', 1, 0, ''),
(469, 1000000294, 64, 10, '2023-2024', 1, 0, ''),
(470, 1000000294, 65, 10, '2023-2024', 1, 0, ''),
(471, 1000000294, 66, 10, '2023-2024', 1, 0, ''),
(472, 1000000306, 67, 11, '2023-2024', 1, 0, ''),
(473, 1000000306, 68, 11, '2023-2024', 1, 0, ''),
(474, 1000000306, 69, 11, '2023-2024', 1, 0, ''),
(475, 1000000306, 70, 11, '2023-2024', 1, 0, ''),
(476, 1000000306, 71, 11, '2023-2024', 1, 0, ''),
(477, 1000000306, 72, 11, '2023-2024', 1, 0, ''),
(478, 1000000306, 73, 11, '2023-2024', 1, 0, ''),
(479, 1000000306, 75, 11, '2023-2024', 1, 0, ''),
(480, 1000000299, 46, 8, '2023-2024', 1, 0, ''),
(481, 1000000299, 47, 8, '2023-2024', 1, 0, ''),
(482, 1000000299, 48, 8, '2023-2024', 1, 0, ''),
(483, 1000000299, 49, 8, '2023-2024', 1, 0, ''),
(484, 1000000299, 50, 8, '2023-2024', 1, 0, ''),
(485, 1000000299, 51, 8, '2023-2024', 1, 0, ''),
(486, 1000000299, 52, 8, '2023-2024', 1, 0, ''),
(487, 1000000298, 46, 8, '2023-2024', 1, 0, ''),
(488, 1000000298, 47, 8, '2023-2024', 1, 0, ''),
(489, 1000000298, 48, 8, '2023-2024', 1, 0, ''),
(490, 1000000298, 49, 8, '2023-2024', 1, 0, ''),
(491, 1000000298, 50, 8, '2023-2024', 1, 0, ''),
(492, 1000000298, 51, 8, '2023-2024', 1, 0, ''),
(493, 1000000298, 52, 8, '2023-2024', 1, 0, ''),
(494, 1000000298, 46, 8, '2023-2024', 1, 0, ''),
(495, 1000000298, 47, 8, '2023-2024', 1, 0, ''),
(496, 1000000298, 48, 8, '2023-2024', 1, 0, ''),
(497, 1000000298, 49, 8, '2023-2024', 1, 0, ''),
(498, 1000000298, 50, 8, '2023-2024', 1, 0, ''),
(499, 1000000298, 51, 8, '2023-2024', 1, 0, ''),
(500, 1000000298, 52, 8, '2023-2024', 1, 0, ''),
(501, 1000000306, 67, 11, '2023-2024', 1, 0, ''),
(502, 1000000306, 68, 11, '2023-2024', 1, 0, ''),
(503, 1000000306, 69, 11, '2023-2024', 1, 0, ''),
(504, 1000000306, 70, 11, '2023-2024', 1, 0, ''),
(505, 1000000306, 71, 11, '2023-2024', 1, 0, ''),
(506, 1000000306, 72, 11, '2023-2024', 1, 0, ''),
(507, 1000000306, 73, 11, '2023-2024', 1, 0, ''),
(508, 1000000306, 75, 11, '2023-2024', 1, 0, ''),
(509, 1000000299, 46, 8, '2023-2024', 1, 0, ''),
(510, 1000000299, 47, 8, '2023-2024', 1, 0, ''),
(511, 1000000299, 48, 8, '2023-2024', 1, 0, ''),
(512, 1000000299, 49, 8, '2023-2024', 1, 0, ''),
(513, 1000000299, 50, 8, '2023-2024', 1, 0, ''),
(514, 1000000299, 51, 8, '2023-2024', 1, 0, ''),
(515, 1000000299, 52, 8, '2023-2024', 1, 0, ''),
(516, 1000000301, 39, 7, '2023-2024', 1, 0, ''),
(517, 1000000301, 40, 7, '2023-2024', 1, 0, ''),
(518, 1000000301, 41, 7, '2023-2024', 1, 0, ''),
(519, 1000000301, 42, 7, '2023-2024', 1, 0, ''),
(520, 1000000301, 43, 7, '2023-2024', 1, 0, ''),
(521, 1000000301, 44, 7, '2023-2024', 1, 0, ''),
(522, 1000000301, 45, 7, '2023-2024', 1, 0, '');

-- --------------------------------------------------------

--
-- Table structure for table `subject`
--

CREATE TABLE `subject` (
  `SUBJ_ID` int(11) NOT NULL,
  `SUBJ_CODE` varchar(30) NOT NULL DEFAULT '-',
  `SUBJ_DESCRIPTION` varchar(255) NOT NULL DEFAULT '-',
  `UNIT` int(2) NOT NULL DEFAULT 0,
  `COURSE_ID` int(11) NOT NULL DEFAULT 0,
  `AY` varchar(30) NOT NULL DEFAULT '-',
  `PreTaken` tinyint(1) NOT NULL DEFAULT 0
) ENGINE=InnoDB DEFAULT CHARSET=latin1;

--
-- Dumping data for table `subject`
--

INSERT INTO `subject` (`SUBJ_ID`, `SUBJ_CODE`, `SUBJ_DESCRIPTION`, `UNIT`, `COURSE_ID`, `AY`, `PreTaken`) VALUES
(6, 'Math', 'Math', 3, 4, '-', 0),
(12, 'READING', 'Reading', 3, 1, '-', 0),
(13, 'LANGUAGE', 'Language', 3, 1, '-', 0),
(14, 'MATHEMATICS', 'Math', 3, 1, '-', 0),
(15, 'FILIPINO', 'Filipino', 3, 1, '-', 0),
(16, 'SCIENCE', 'Science', 3, 1, '-', 0),
(17, 'CHRISTIAN LIVING', 'Christian Living', 3, 1, '-', 0),
(18, 'READING', 'Reading', 3, 2, '-', 0),
(19, 'LANGUAGE', 'Language', 3, 2, '-', 0),
(20, 'MATHEMATICS', 'Math', 3, 2, '-', 0),
(23, 'FILIPINO', 'Filipino', 3, 2, '-', 0),
(24, 'SCIENCE', 'Science', 3, 2, '-', 0),
(25, 'CHRISTIAN LIVING', 'Christian Living', 3, 2, '-', 0),
(26, 'READING', 'Reading', 3, 3, '-', 0),
(27, 'LANGUAGE', 'Language', 3, 3, '-', 0),
(28, 'MATHEMATICS', 'Math', 3, 3, '-', 0),
(29, 'FILIPINO', 'Filipino', 3, 3, '-', 0),
(30, 'SCIENCE', 'Science', 3, 3, '-', 0),
(31, 'CHRISTIAN LIVING', 'Christian Living', 3, 3, '-', 0),
(32, 'MOTHER TONGUE', 'Mother Tongue', 3, 6, '-', 0),
(33, 'ENGLISH', 'English', 3, 6, '-', 0),
(34, 'FILIPINO', 'Filipno', 3, 6, '-', 0),
(35, 'SCIENCE', 'Science', 3, 6, '-', 0),
(36, 'MATHEMATICS', 'Math', 3, 6, '-', 0),
(37, 'MAPEH', 'MAPEH', 3, 6, '-', 0),
(38, 'CHRISTIAN LIVING/ESP', 'Christian Living/ESP', 3, 6, '-', 0),
(39, 'MOTHER TONGUE', 'Mother Tongue', 3, 7, '-', 0),
(40, 'ENGLISH', 'English', 3, 7, '-', 0),
(41, 'FILIPINO', 'Filipino', 3, 7, '-', 0),
(42, 'SCIENCE', 'Science', 3, 7, '-', 0),
(43, 'MATHEMATICS', 'Math', 3, 7, '-', 0),
(44, 'MAPEH', 'MAPEH', 3, 7, '-', 0),
(45, 'CHRISTIAN LIVING/ESP', 'Christian Living/ESP', 3, 7, '-', 0),
(46, 'MOTHER TONGUE', 'Mother Tongue', 3, 8, '-', 0),
(47, 'ENGLISH', 'English', 3, 8, '-', 0),
(48, 'FILIPINO', 'Filipino', 3, 8, '-', 0),
(49, 'SCIENCE', 'Science', 3, 8, '-', 0),
(50, 'MATHEMATICS', 'Math', 3, 8, '-', 0),
(51, 'MAPEH', 'MAPEH', 3, 8, '-', 0),
(52, 'CHRISTIAN LIVING/ESP', 'Christian Living/ESP', 3, 8, '-', 0),
(53, 'EPP', 'EPP', 3, 9, '-', 0),
(54, 'ENGLISH', 'English', 3, 9, '-', 0),
(55, 'FILIPINO', 'Filipino', 3, 9, '-', 0),
(56, 'SCIENCE', 'Science', 3, 9, '-', 0),
(57, 'MATHEMATICS', 'Math', 3, 9, '-', 0),
(58, 'MAPEH', 'MAPEH', 3, 9, '-', 0),
(59, 'CHRISTIAN LIVING/ESP', 'Christian Living/ESP', 3, 9, '-', 0),
(60, 'EPP', 'EPP', 3, 10, '-', 0),
(61, 'ENGLISH', 'English', 3, 10, '-', 0),
(62, 'FILIPINO', 'Filipino', 3, 10, '-', 0),
(63, 'SCIENCE', 'Science', 3, 10, '-', 0),
(64, 'MATHEMATICS', 'Math', 3, 10, '-', 0),
(65, 'MAPEH', 'MAPEH', 3, 10, '-', 0),
(66, 'CHRISTIAN LIVING/ESP', 'Christian Living/ESP', 3, 10, '-', 0),
(67, 'TLE', 'TLE', 3, 11, '-', 0),
(68, 'ENGLISH', 'English', 3, 11, '-', 0),
(69, 'FILIPINO', 'Filipino', 3, 11, '-', 0),
(70, 'SCIENCE', 'Science', 3, 11, '-', 0),
(71, 'MATHEMATICS', 'Math', 3, 11, '-', 0),
(72, 'MAPEH', 'MAPEH', 3, 11, '-', 0),
(73, 'CHRISTIAN LIVING/ESP', 'Christian Living/ESP', 3, 11, '-', 0),
(74, 'ewq', 'ewq', 3, 3, '-', 0),
(75, 'vince', 'vince', 3, 11, '-', 0);

-- --------------------------------------------------------

--
-- Table structure for table `tblauto`
--

CREATE TABLE `tblauto` (
  `ID` int(11) NOT NULL,
  `autocode` varchar(255) DEFAULT NULL,
  `autoname` varchar(255) DEFAULT NULL,
  `appendchar` varchar(255) DEFAULT NULL,
  `autostart` int(11) DEFAULT 0,
  `autoend` int(11) DEFAULT 0,
  `incrementvalue` int(11) DEFAULT NULL
) ENGINE=MyISAM DEFAULT CHARSET=utf8;

--
-- Dumping data for table `tblauto`
--

INSERT INTO `tblauto` (`ID`, `autocode`, `autoname`, `appendchar`, `autostart`, `autoend`, `incrementvalue`) VALUES
(1, 'Asset', 'Asset', 'ASitem', 0, 3, 1),
(2, 'Trans', 'Transaction', 'TrAnS', 1, 5, 1),
(3, 'SIDNO', 'IDNO', '2015', 1000000, 307, 1),
(4, 'EMPLOYEE', 'EMPID', '020010', 0, 2, 1);

-- --------------------------------------------------------

--
-- Table structure for table `tblinstructor`
--

CREATE TABLE `tblinstructor` (
  `INST_ID` int(11) NOT NULL,
  `INST_NAME` varchar(90) NOT NULL,
  `INST_MAJOR` varchar(90) NOT NULL,
  `INST_CONTACT` varchar(30) NOT NULL,
  `INST_Username` varchar(90) NOT NULL,
  `INST_Password` varchar(90) NOT NULL
) ENGINE=InnoDB DEFAULT CHARSET=latin1;

--
-- Dumping data for table `tblinstructor`
--

INSERT INTO `tblinstructor` (`INST_ID`, `INST_NAME`, `INST_MAJOR`, `INST_CONTACT`, `INST_Username`, `INST_Password`) VALUES
(40, 'Sarah S. Perez', 'English', '09345128721', 'sarah', '39caf24e9de3f68ca145ff8204688aaa1fb15737'),
(41, 'Mary Joy R. Vertulfo, Lpt', 'Science', '09345761207', 'mary', 'c7d56fc0723a766824f554c4d00f28ea16c2c36b'),
(42, 'Sheila T. Laylo, LPT', 'MAPEH', '09534896213', 'shiela', 'cccb0e504123649d6d92f215b2420f00d812f5a6'),
(43, 'Jhamyca D. Mantuato, LPT', 'English', '09514384045', 'jhamyca', '963242c9fc726ceeb2183f7237b478f1347d7bfc'),
(44, 'Perlita M. Cleope', 'Social Studies', '09634560234', 'perlita', 'bad1bb3e33461d1698fe1e89c0b8f906e46708c8'),
(45, 'Haycel R. Linatoc', 'TLE', '09308735234', 'haycel', '00c5da9a796d337291305fbd054d841e56cb83fc'),
(46, 'Den Mark M. Celemin', 'Mathematics', '09489832134', 'den', 'f1b5a91d4d6ad523f2610114591c007e75d15084'),
(47, 'Mary Rose B. LINA, LPT', 'English', '09306537218', 'mary', '7b7074fca36fc89fb3f1e3c46d74f6ffe2477a09'),
(48, 'Cyrelle B. Valencia', 'English', '09388734047', 'cyrelle', '46d0b5900397b39f154ca68f478151e9c0fb6923'),
(49, 'Blenor Limon', 'English', '09234876129', 'luceno', '7ff99e06d22b35bf47bfa427c7bc0a5fad73b7e2');

-- --------------------------------------------------------

--
-- Table structure for table `tbllogs`
--

CREATE TABLE `tbllogs` (
  `LOGID` int(11) NOT NULL,
  `USERID` int(11) NOT NULL,
  `LOGDATETIME` datetime NOT NULL,
  `LOGROLE` varchar(55) NOT NULL,
  `LOGMODE` varchar(55) NOT NULL
) ENGINE=InnoDB DEFAULT CHARSET=latin1;

--
-- Dumping data for table `tbllogs`
--

INSERT INTO `tbllogs` (`LOGID`, `USERID`, `LOGDATETIME`, `LOGROLE`, `LOGMODE`) VALUES
(1, 1000000204, '2022-11-19 18:46:13', 'Student', 'Logged out'),
(2, 1000000204, '2022-11-19 18:48:08', 'Student', 'Logged in'),
(3, 1000000204, '2022-11-19 19:12:22', 'Student', 'Logged out'),
(4, 1000000204, '2022-11-19 19:34:15', 'Student', 'Logged in'),
(5, 1000000204, '2022-11-19 19:41:43', 'Student', 'Logged in'),
(6, 1000000204, '2022-11-19 20:05:18', 'Student', 'Logged in'),
(7, 1000000204, '2022-11-19 20:07:41', 'Student', 'Logged out'),
(8, 1, '2022-11-19 20:11:32', 'Administrator', 'Logged in'),
(9, 1000000204, '2022-11-19 20:12:45', 'Student', 'Logged in'),
(10, 1000000204, '2022-11-19 20:29:22', 'Student', 'Logged in'),
(11, 1000000204, '2022-11-19 20:42:27', 'Student', 'Logged out'),
(12, 1000000204, '2022-11-19 20:42:40', 'Student', 'Logged in'),
(13, 1000000204, '2022-11-19 20:54:01', 'Student', 'Logged in'),
(14, 1000000204, '2022-11-19 21:00:58', 'Student', 'Logged in'),
(15, 1000000204, '2022-11-19 21:04:36', 'Student', 'Logged in'),
(16, 1, '2022-11-20 05:21:34', 'Administrator', 'Logged in'),
(17, 1, '2022-11-20 05:46:20', 'Administrator', 'Logged out'),
(18, 1, '2022-11-20 05:51:07', 'Administrator', 'Logged in'),
(19, 1, '2022-11-20 06:23:53', 'Administrator', 'Logged out'),
(20, 1, '2022-11-20 06:24:17', 'Instructor', 'Logged in'),
(21, 1, '2022-11-20 06:24:50', 'Instructor', 'Logged out'),
(22, 1, '2022-11-20 06:24:54', 'Administrator', 'Logged in'),
(23, 1, '2022-11-20 06:36:42', 'Administrator', 'Logged out'),
(24, 1, '2022-11-20 06:36:49', 'Instructor', 'Logged in'),
(25, 1000000205, '2022-11-20 06:48:05', 'Student', 'Logged out'),
(26, 1, '2022-11-20 06:48:49', 'Instructor', 'Logged out'),
(27, 1, '2022-11-20 06:48:54', 'Administrator', 'Logged in'),
(28, 1000000206, '2022-11-20 06:50:14', 'Student', 'Logged out'),
(29, 1000000207, '2022-11-20 07:26:01', 'Student', 'Logged out'),
(30, 1, '2022-11-20 09:15:24', 'Administrator', 'Logged in'),
(31, 1, '2022-11-20 10:15:46', 'Administrator', 'Logged in'),
(32, 1, '2022-11-20 11:01:33', 'Administrator', 'Logged in'),
(33, 1, '2022-11-20 11:21:25', 'Administrator', 'Logged in'),
(34, 1, '2022-11-20 11:29:13', 'Administrator', 'Logged in'),
(35, 1, '2022-11-20 12:45:21', 'Administrator', 'Logged in'),
(36, 1, '2022-11-21 02:24:13', 'Administrator', 'Logged in'),
(37, 1, '2022-11-21 02:24:37', 'Administrator', 'Logged out'),
(38, 1, '2022-11-21 02:24:46', 'Instructor', 'Logged in'),
(39, 1, '2022-11-21 02:28:35', 'Administrator', 'Logged in'),
(40, 1, '2022-11-21 02:34:36', 'Instructor', 'Logged out'),
(41, 1, '2022-11-21 02:34:42', 'Administrator', 'Logged in'),
(42, 1, '2022-11-21 03:01:31', 'Administrator', 'Logged out'),
(43, 1, '2022-11-21 03:01:40', 'Instructor', 'Logged in'),
(44, 1, '2022-11-21 03:10:14', 'Administrator', 'Logged in'),
(45, 1, '2022-11-21 03:20:05', 'Administrator', 'Logged out'),
(46, 1, '2022-11-21 03:20:15', 'Instructor', 'Logged in'),
(47, 1000000212, '2022-11-21 03:21:58', 'Student', 'Logged out'),
(48, 1, '2022-11-21 03:25:19', 'Instructor', 'Logged out'),
(49, 1, '2022-11-21 03:25:43', 'Administrator', 'Logged in'),
(50, 1000000213, '2022-11-21 03:28:09', 'Student', 'Logged out'),
(51, 1000000213, '2022-11-21 03:29:40', 'Student', 'Logged in'),
(52, 1000000206, '2022-11-21 04:22:29', 'Student', 'Logged in'),
(53, 1000000212, '2022-11-21 04:23:07', 'Student', 'Logged in'),
(54, 1, '2022-11-21 04:26:56', 'Administrator', 'Logged out'),
(55, 1, '2022-11-21 04:27:07', 'Administrator', 'Logged in'),
(56, 1, '2022-11-21 04:27:15', 'Instructor', 'Logged in'),
(57, 1, '2022-11-21 04:27:43', 'Administrator', 'Logged in'),
(58, 1, '2022-11-21 04:30:59', 'Instructor', 'Logged out'),
(59, 1, '2022-11-21 04:31:10', 'Administrator', 'Logged in'),
(60, 1, '2022-11-21 04:31:12', 'Administrator', 'Logged in'),
(61, 1, '2022-11-21 04:32:06', 'Instructor', 'Logged in'),
(62, 1, '2022-11-21 04:41:34', 'Administrator', 'Logged in'),
(63, 1, '2022-11-21 04:43:57', 'Administrator', 'Logged in'),
(64, 1, '2022-11-21 04:46:25', 'Administrator', 'Logged in'),
(65, 1000000212, '2022-11-21 04:47:03', 'Student', 'Logged out'),
(66, 1, '2022-11-21 05:05:51', 'Administrator', 'Logged in'),
(67, 1, '2022-11-21 05:19:53', 'Administrator', 'Logged out'),
(68, 1, '2022-11-21 05:20:09', 'Instructor', 'Logged in'),
(69, 1, '2022-11-21 05:21:20', 'Instructor', 'Logged out'),
(70, 1, '2022-11-21 05:24:05', 'Administrator', 'Logged in'),
(71, 1000000212, '2022-11-21 06:53:19', 'Student', 'Logged in'),
(72, 1, '2022-11-21 06:57:37', 'Administrator', 'Logged in'),
(73, 1000000206, '2022-11-21 09:09:52', 'Student', 'Logged in'),
(74, 1000000206, '2022-11-21 09:15:53', 'Student', 'Logged in'),
(75, 1, '2022-11-21 09:23:46', 'Administrator', 'Logged in'),
(76, 1, '2022-11-21 09:32:35', 'Administrator', 'Logged in'),
(77, 1, '2022-11-21 09:33:16', 'Administrator', 'Logged in'),
(78, 1, '2022-11-21 09:45:51', 'Administrator', 'Logged in'),
(79, 1, '2022-11-21 09:48:45', 'Administrator', 'Logged in'),
(80, 1, '2022-11-21 09:50:26', 'Administrator', 'Logged in'),
(81, 1, '2022-11-21 09:56:29', 'Administrator', 'Logged in'),
(82, 1000000212, '2022-11-21 09:57:07', 'Student', 'Logged in'),
(83, 1, '2022-11-21 10:00:47', 'Administrator', 'Logged out'),
(84, 1, '2022-11-21 10:00:59', 'Instructor', 'Logged in'),
(85, 1, '2022-11-21 10:01:40', 'Instructor', 'Logged out'),
(86, 1, '2022-11-21 10:01:48', 'Administrator', 'Logged in'),
(87, 1, '2022-11-21 10:03:46', 'Administrator', 'Logged out'),
(88, 1, '2022-11-21 10:04:39', 'Instructor', 'Logged in'),
(89, 1000000212, '2022-11-21 10:04:54', 'Student', 'Logged out'),
(90, 1, '2022-11-21 10:05:53', 'Instructor', 'Logged out'),
(91, 1, '2022-11-21 10:06:03', 'Administrator', 'Logged in'),
(92, 1000000206, '2022-11-21 10:08:30', 'Student', 'Logged in'),
(93, 1000000212, '2022-11-21 10:08:38', 'Student', 'Logged in'),
(94, 1, '2022-11-21 10:09:57', 'Administrator', 'Logged out'),
(95, 1, '2022-11-21 10:10:05', 'Instructor', 'Logged in'),
(96, 1, '2022-11-21 10:10:52', 'Administrator', 'Logged out'),
(97, 1, '2022-11-21 10:11:13', 'Instructor', 'Logged in'),
(98, 1, '2022-11-21 10:13:51', 'Instructor', 'Logged out'),
(99, 1, '2022-11-21 10:14:00', 'Administrator', 'Logged in'),
(100, 1, '2022-11-21 10:17:55', 'Administrator', 'Logged out'),
(101, 1, '2022-11-21 10:18:36', 'Administrator', 'Logged in'),
(102, 1, '2022-11-21 10:20:20', 'Administrator', 'Logged out'),
(103, 1000000206, '2022-11-21 10:20:31', 'Student', 'Logged out'),
(104, 35, '2022-11-21 10:20:35', 'Instructor', 'Logged in'),
(105, 35, '2022-11-21 10:21:10', 'Instructor', 'Logged out'),
(106, 1, '2022-11-21 10:21:16', 'Administrator', 'Logged in'),
(107, 1, '2022-11-21 10:27:18', 'Administrator', 'Logged out'),
(108, 35, '2022-11-21 10:27:48', 'Instructor', 'Logged in'),
(109, 1, '2022-11-21 10:30:53', 'Instructor', 'Logged out'),
(110, 35, '2022-11-21 10:32:19', 'Instructor', 'Logged out'),
(111, 1, '2022-11-21 10:32:30', 'Administrator', 'Logged in'),
(112, 1, '2022-11-21 10:35:37', 'Instructor', 'Logged in'),
(113, 1000000206, '2022-11-21 10:37:12', 'Student', 'Logged in'),
(114, 1, '2022-11-21 10:52:50', 'Administrator', 'Logged in'),
(115, 1000000215, '2022-11-21 11:11:04', 'Student', 'Logged out'),
(116, 1000000206, '2022-11-21 11:17:22', 'Student', 'Logged out'),
(117, 1, '2022-11-21 11:22:24', 'Administrator', 'Logged in'),
(118, 1, '2022-11-21 11:23:30', 'Administrator', 'Logged out'),
(119, 1, '2022-11-21 11:23:35', 'Instructor', 'Logged in'),
(120, 1, '2022-11-21 11:28:37', 'Administrator', 'Logged in'),
(121, 1, '2022-11-21 11:31:04', 'Instructor', 'Logged out'),
(122, 1, '2022-11-21 11:32:12', 'Administrator', 'Logged out'),
(123, 1, '2022-11-21 11:37:15', 'Administrator', 'Logged out'),
(124, 1, '2022-11-21 11:37:37', 'Instructor', 'Logged in'),
(125, 1, '2022-11-21 11:42:00', 'Instructor', 'Logged out'),
(126, 1, '2022-11-21 11:42:10', 'Instructor', 'Logged in'),
(127, 1000000214, '2022-11-21 11:44:09', 'Student', 'Logged in'),
(128, 1000000216, '2022-11-21 12:24:48', 'Student', 'Logged out'),
(129, 1000000216, '2022-11-21 12:25:45', 'Student', 'Logged in'),
(130, 1, '2022-11-21 12:25:56', 'Administrator', 'Logged in'),
(131, 1, '2022-11-21 12:26:51', 'Administrator', 'Logged out'),
(132, 1, '2022-11-21 12:26:56', 'Instructor', 'Logged in'),
(133, 1, '2022-11-21 12:27:08', 'Instructor', 'Logged out'),
(134, 1, '2022-11-21 12:27:14', 'Administrator', 'Logged in'),
(135, 1, '2022-11-21 12:30:00', 'Administrator', 'Logged out'),
(136, 1, '2022-11-21 12:30:04', 'Instructor', 'Logged in'),
(137, 1, '2022-11-21 12:31:30', 'Instructor', 'Logged out'),
(138, 1, '2022-11-21 12:32:57', 'Administrator', 'Logged in'),
(139, 1, '2022-11-21 12:34:15', 'Administrator', 'Logged out'),
(140, 4, '2022-11-21 12:34:25', 'Registrar', 'Logged in'),
(141, 1, '2022-11-21 12:40:10', 'Administrator', 'Logged in'),
(142, 1, '2022-11-21 12:47:03', 'Administrator', 'Logged out'),
(143, 1, '2022-11-21 12:48:56', 'Administrator', 'Logged in'),
(144, 1, '2022-11-21 12:49:55', 'Administrator', 'Logged out'),
(145, 36, '2022-11-21 12:50:06', 'Instructor', 'Logged in'),
(146, 36, '2022-11-21 12:51:48', 'Instructor', 'Logged out'),
(147, 1000000214, '2022-11-21 12:59:13', 'Student', 'Logged in'),
(148, 1, '2022-11-21 13:13:42', 'Administrator', 'Logged in'),
(149, 1, '2022-11-21 13:16:41', 'Administrator', 'Logged out'),
(150, 1, '2022-11-21 13:16:51', 'Instructor', 'Logged in'),
(151, 1, '2022-11-21 13:31:54', 'Administrator', 'Logged in'),
(152, 1000000214, '2022-11-21 13:37:49', 'Student', 'Logged out'),
(153, 4, '2022-11-21 13:38:21', 'Registrar', 'Logged in'),
(154, 4, '2022-11-21 13:40:55', 'Registrar', 'Logged out'),
(155, 1, '2022-11-21 13:41:06', 'Instructor', 'Logged in'),
(156, 1, '2022-11-21 13:41:36', 'Instructor', 'Logged out'),
(157, 1, '2022-11-21 13:41:43', 'Administrator', 'Logged in'),
(158, 1, '2022-11-21 13:42:19', 'Administrator', 'Logged out'),
(159, 4, '2022-11-21 13:42:27', 'Registrar', 'Logged in'),
(160, 1, '2022-11-21 13:42:48', 'Administrator', 'Logged in'),
(161, 1, '2022-11-21 13:43:06', 'Administrator', 'Logged out'),
(162, 6, '2022-11-21 13:43:09', 'Registrar', 'Logged in'),
(163, 1, '2022-11-21 13:44:35', 'Administrator', 'Logged in'),
(164, 1, '2022-11-21 13:45:02', 'Administrator', 'Logged out'),
(165, 5, '2022-11-21 13:45:16', 'Registrar', 'Logged in'),
(166, 6, '2022-11-21 13:46:36', 'Registrar', 'Logged out'),
(167, 1, '2022-11-21 13:46:42', 'Administrator', 'Logged in'),
(168, 1, '2022-11-21 13:47:11', 'Administrator', 'Logged out'),
(169, 7, '2022-11-21 13:47:14', 'Registrar', 'Logged in'),
(170, 1000000217, '2022-11-21 13:48:01', 'Student', 'Logged out'),
(171, 1, '2022-11-21 13:56:34', 'Administrator', 'Logged in'),
(172, 1, '2022-11-21 14:02:27', 'Administrator', 'Logged out'),
(173, 37, '2022-11-21 14:02:41', 'Instructor', 'Logged in'),
(174, 37, '2022-11-21 14:03:23', 'Instructor', 'Logged out'),
(175, 5, '2022-11-21 14:11:23', 'Registrar', 'Logged out'),
(176, 1000000214, '2022-11-21 15:34:06', 'Student', 'Logged in'),
(177, 1, '2022-11-21 15:34:24', 'Instructor', 'Logged out'),
(178, 1, '2022-11-21 15:36:16', 'Administrator', 'Logged in'),
(179, 1, '2022-11-21 15:52:33', 'Administrator', 'Logged in'),
(180, 1, '2022-11-21 16:15:58', 'Administrator', 'Logged in'),
(181, 1, '2022-11-21 16:29:12', 'Administrator', 'Logged out'),
(182, 37, '2022-11-21 16:29:24', 'Instructor', 'Logged in'),
(183, 37, '2022-11-21 16:30:18', 'Instructor', 'Logged out'),
(184, 7, '2022-11-21 22:07:01', 'Registrar', 'Logged out'),
(185, 1, '2022-11-21 22:07:15', 'Administrator', 'Logged in'),
(186, 1, '2022-11-21 22:17:54', 'Administrator', 'Logged out'),
(187, 1, '2022-11-21 22:18:35', 'Instructor', 'Logged in'),
(188, 1, '2022-11-21 22:19:42', 'Instructor', 'Logged out'),
(189, 7, '2022-11-21 22:19:59', 'Registrar', 'Logged in'),
(190, 1, '2022-11-22 05:28:41', 'Administrator', 'Logged out'),
(191, 1, '2022-11-22 05:29:35', 'Administrator', 'Logged in'),
(192, 1000000220, '2022-11-22 05:39:33', 'Student', 'Logged out'),
(193, 1000000221, '2022-11-22 05:40:55', 'Student', 'Logged out'),
(194, 1, '2022-11-22 10:33:03', 'Administrator', 'Logged in'),
(195, 1, '2022-11-22 10:38:01', 'Administrator', 'Logged in'),
(196, 1, '2022-11-22 11:28:33', 'Administrator', 'Logged out'),
(197, 1, '2022-11-22 13:33:28', 'Administrator', 'Logged in'),
(198, 1000000216, '2022-11-22 13:34:24', 'Student', 'Logged in'),
(199, 1, '2022-11-22 13:40:55', 'Administrator', 'Logged out'),
(200, 4, '2022-11-22 13:41:02', 'Registrar', 'Logged in'),
(201, 1000000216, '2022-11-22 13:43:41', 'Student', 'Logged out'),
(202, 1000000222, '2022-11-22 14:37:44', 'Student', 'Logged out'),
(203, 4, '2022-11-22 14:39:31', 'Registrar', 'Logged out'),
(204, 1, '2022-11-22 14:39:36', 'Administrator', 'Logged in'),
(205, 1, '2022-11-22 15:01:13', 'Administrator', 'Logged out'),
(206, 1, '2022-11-22 15:01:19', 'Instructor', 'Logged in'),
(207, 1, '2022-11-22 15:01:38', 'Instructor', 'Logged out'),
(208, 1, '2022-11-22 15:01:52', 'Instructor', 'Logged in'),
(209, 1, '2022-11-22 15:04:06', 'Instructor', 'Logged out'),
(210, 1, '2022-11-22 15:04:09', 'Administrator', 'Logged in'),
(211, 1000000216, '2022-11-22 15:07:02', 'Student', 'Logged in'),
(212, 1, '2022-11-22 17:48:17', 'Administrator', 'Logged in'),
(213, 1, '2022-11-22 18:12:41', 'Administrator', 'Logged in'),
(214, 1, '2022-11-23 00:51:28', 'Administrator', 'Logged in'),
(215, 1, '2022-11-23 00:59:37', 'Administrator', 'Logged in'),
(216, 1000000214, '2022-11-23 01:09:02', 'Student', 'Logged out'),
(217, 1, '2022-11-23 01:09:59', 'Administrator', 'Logged out'),
(218, 1, '2022-11-23 01:10:45', 'Administrator', 'Logged in'),
(219, 33, '2022-11-23 01:11:39', 'Instructor', 'Logged in'),
(220, 1000000214, '2022-11-23 01:13:04', 'Student', 'Logged out'),
(221, 1000000214, '2022-11-23 02:36:39', 'Student', 'Logged in'),
(222, 1000000214, '2022-11-23 02:36:51', 'Student', 'Logged out'),
(223, 33, '2022-11-23 03:22:40', 'Instructor', 'Logged out'),
(224, 1, '2022-11-23 03:22:46', 'Administrator', 'Logged in'),
(225, 1, '2022-11-23 10:56:29', 'Administrator', 'Logged in'),
(226, 1000000214, '2022-11-23 11:15:24', 'Student', 'Logged in'),
(227, 1, '2022-11-23 12:10:16', 'Administrator', 'Logged out'),
(228, 1, '2022-11-23 12:10:24', 'Instructor', 'Logged in'),
(229, 1, '2022-11-23 12:10:24', 'Instructor', 'Logged in'),
(230, 1, '2022-11-23 13:13:00', 'Administrator', 'Logged in'),
(231, 1000000224, '2022-11-23 13:33:07', 'Student', 'Logged out'),
(232, 1, '2022-11-23 13:35:05', 'Administrator', 'Logged out'),
(233, 1, '2022-11-23 13:35:16', 'Instructor', 'Logged in'),
(234, 1, '2022-11-23 13:36:17', 'Instructor', 'Logged out'),
(235, 4, '2022-11-23 13:36:29', 'Registrar', 'Logged in'),
(236, 1, '2022-11-23 13:52:37', 'Instructor', 'Logged out'),
(237, 1, '2022-11-23 13:52:43', 'Administrator', 'Logged in'),
(238, 1, '2022-11-23 17:19:02', 'Instructor', 'Logged out'),
(239, 1000000206, '2022-11-23 17:19:16', 'Student', 'Logged out'),
(240, 1000000214, '2022-11-23 17:28:37', 'Student', 'Logged in'),
(241, 1, '2022-11-23 17:30:36', 'Administrator', 'Logged in'),
(242, 1000000214, '2022-11-23 17:35:08', 'Student', 'Logged out'),
(243, 1000000214, '2022-11-23 17:50:27', 'Student', 'Logged in'),
(244, 1000000214, '2022-11-23 17:57:56', 'Student', 'Logged out'),
(245, 1000000214, '2022-11-23 18:18:51', 'Student', 'Logged in'),
(246, 1000000214, '2022-11-23 18:24:00', 'Student', 'Logged out'),
(247, 1, '2022-11-23 18:37:25', 'Administrator', 'Logged in'),
(248, 1, '2022-11-23 18:37:55', 'Administrator', 'Logged out'),
(249, 37, '2022-11-23 18:38:00', 'Instructor', 'Logged in'),
(250, 37, '2022-11-23 18:38:16', 'Instructor', 'Logged out'),
(251, 37, '2022-11-23 18:38:24', 'Instructor', 'Logged in'),
(252, 37, '2022-11-23 18:41:38', 'Instructor', 'Logged out'),
(253, 1, '2022-11-23 18:42:10', 'Administrator', 'Logged in'),
(254, 1, '2022-11-23 18:42:35', 'Administrator', 'Logged out'),
(255, 1000000219, '2022-11-23 18:42:41', 'Student', 'Logged in'),
(256, 1000000219, '2022-11-23 18:42:53', 'Student', 'Logged out'),
(257, 1, '2022-11-23 18:43:28', 'Administrator', 'Logged in'),
(258, 1, '2022-11-23 18:44:06', 'Administrator', 'Logged out'),
(259, 37, '2022-11-23 18:44:17', 'Instructor', 'Logged in'),
(260, 1000000219, '2022-11-23 18:44:43', 'Student', 'Logged in'),
(261, 37, '2022-11-23 18:46:10', 'Instructor', 'Logged out'),
(262, 1, '2022-11-23 18:46:16', 'Administrator', 'Logged in'),
(263, 1, '2022-11-23 18:47:06', 'Administrator', 'Logged out'),
(264, 1, '2022-11-23 18:47:16', 'Administrator', 'Logged in'),
(265, 1, '2022-11-23 18:47:33', 'Administrator', 'Logged out'),
(266, 1, '2022-11-23 18:47:51', 'Administrator', 'Logged in'),
(267, 1, '2022-11-23 18:48:04', 'Administrator', 'Logged out'),
(268, 36, '2022-11-23 18:48:15', 'Instructor', 'Logged in'),
(269, 36, '2022-11-23 19:07:37', 'Instructor', 'Logged out'),
(270, 36, '2022-11-23 19:07:56', 'Instructor', 'Logged in'),
(271, 1000000219, '2022-11-23 19:08:46', 'Student', 'Logged out'),
(272, 1000000219, '2022-11-23 19:08:57', 'Student', 'Logged in'),
(273, 36, '2022-11-23 19:09:20', 'Instructor', 'Logged out'),
(274, 1, '2022-11-23 19:09:25', 'Administrator', 'Logged in'),
(275, 1, '2022-11-23 19:20:20', 'Administrator', 'Logged out'),
(276, 1, '2022-11-23 19:20:23', 'Instructor', 'Logged in'),
(277, 1000000219, '2022-11-23 20:22:50', 'Student', 'Logged out'),
(278, 1000000219, '2022-11-23 20:23:25', 'Student', 'Logged in'),
(279, 1, '2022-11-23 20:38:40', 'Instructor', 'Logged out'),
(280, 1, '2022-11-23 20:38:49', 'Administrator', 'Logged in'),
(281, 1, '2022-12-07 16:34:39', 'Administrator', 'Logged in'),
(282, 1, '2022-12-07 16:37:46', 'Administrator', 'Logged out'),
(283, 1, '2022-12-07 16:37:54', 'Administrator', 'Logged in'),
(284, 1, '2022-12-07 16:38:03', 'Administrator', 'Logged out'),
(285, 1000000215, '2022-12-07 17:02:57', 'Student', 'Logged in'),
(286, 1000000215, '2022-12-07 17:10:42', 'Student', 'Logged out'),
(287, 1000000225, '2022-12-07 17:25:17', 'Student', 'Logged out'),
(288, 1000000225, '2022-12-07 17:26:42', 'Student', 'Logged in'),
(289, 1000000225, '2022-12-07 17:27:06', 'Student', 'Logged out'),
(290, 1000000226, '2022-12-07 17:31:50', 'Student', 'Logged out'),
(291, 1000000227, '2022-12-07 18:22:27', 'Student', 'Logged out'),
(292, 1000000228, '2022-12-07 18:55:37', 'Student', 'Logged out'),
(293, 1000000229, '2022-12-07 18:57:20', 'Student', 'Logged out'),
(294, 1000000230, '2022-12-07 19:07:10', 'Student', 'Logged out'),
(295, 1000000231, '2022-12-07 19:08:57', 'Student', 'Logged out'),
(296, 1000000225, '0000-00-00 00:00:00', 'Student', 'Logged in'),
(297, 1, '2022-12-07 19:29:50', 'Administrator', 'Logged in'),
(298, 1000000225, '2022-12-07 19:42:06', 'Student', 'Logged out'),
(299, 1000000214, '2022-12-07 19:42:57', 'Student', 'Logged in'),
(300, 1000000214, '2022-12-07 19:54:28', 'Student', 'Logged out'),
(301, 1000000225, '2022-12-07 19:54:33', 'Student', 'Logged in'),
(302, 1000000225, '2022-12-07 19:56:56', 'Student', 'Logged out'),
(303, 1000000214, '2022-12-07 19:57:13', 'Student', 'Logged in'),
(304, 1000000214, '2022-12-07 20:00:20', 'Student', 'Logged out'),
(305, 1000000225, '2022-12-07 20:00:26', 'Student', 'Logged in'),
(306, 1000000225, '2022-12-07 20:33:36', 'Student', 'Logged out'),
(307, 1000000214, '2022-12-07 20:33:51', 'Student', 'Logged in'),
(308, 1, '2022-12-08 03:26:04', 'Administrator', 'Logged in'),
(309, 1000000232, '2022-12-08 05:29:55', 'Student', 'Logged out'),
(310, 1000000233, '2022-12-08 05:34:42', 'Student', 'Logged out'),
(311, 1000000234, '2022-12-08 05:35:46', 'Student', 'Logged out'),
(312, 1000000235, '2022-12-08 05:40:33', 'Student', 'Logged out'),
(313, 1, '2022-12-08 05:46:50', 'Administrator', 'Logged out'),
(314, 2, '2022-12-08 05:47:05', 'Registrar', 'Logged in'),
(315, 2, '2022-12-08 05:48:10', 'Registrar', 'Logged out'),
(316, 1, '2022-12-08 05:48:15', 'Administrator', 'Logged in'),
(317, 1, '2022-12-08 05:49:11', 'Administrator', 'Logged out'),
(318, 2, '2022-12-08 05:49:16', 'Registrar', 'Logged in'),
(319, 2, '2022-12-08 05:50:19', 'Registrar', 'Logged out'),
(320, 2, '2022-12-08 05:50:33', 'Administrator', 'Logged in'),
(321, 2, '2022-12-08 05:51:33', 'Administrator', 'Logged out'),
(322, 2, '2022-12-08 05:52:11', 'Registrar', 'Logged in'),
(323, 2, '2022-12-08 05:52:35', 'Registrar', 'Logged out'),
(324, 2, '2022-12-08 05:52:38', 'Registrar', 'Logged in'),
(325, 2, '2022-12-08 05:52:56', 'Registrar', 'Logged out'),
(326, 2, '2022-12-08 05:52:58', 'Registrar', 'Logged in'),
(327, 2, '2022-12-08 05:53:20', 'Registrar', 'Logged out'),
(328, 2, '2022-12-08 05:53:23', 'Registrar', 'Logged in'),
(329, 2, '2022-12-08 05:53:31', 'Registrar', 'Logged out'),
(330, 2, '2022-12-08 05:53:34', 'Registrar', 'Logged in'),
(331, 2, '2022-12-08 05:53:45', 'Registrar', 'Logged out'),
(332, 1, '2022-12-08 05:53:48', 'Administrator', 'Logged in'),
(333, 1, '2022-12-08 05:53:55', 'Administrator', 'Logged out'),
(334, 1, '2022-12-08 05:53:58', 'Administrator', 'Logged in'),
(335, 1, '2022-12-08 05:54:12', 'Administrator', 'Logged out'),
(336, 1, '2022-12-08 05:54:29', 'Administrator', 'Logged in'),
(337, 1000000225, '2022-12-08 06:14:00', 'Student', 'Logged in'),
(338, 1000000225, '2022-12-08 06:14:59', 'Student', 'Logged out'),
(339, 1, '2022-12-08 06:17:41', 'Administrator', 'Logged out'),
(340, 2, '2022-12-08 06:37:59', 'Registrar', 'Logged in'),
(341, 2, '2022-12-08 06:38:04', 'Registrar', 'Logged out'),
(342, 1, '2022-12-08 07:05:14', 'Administrator', 'Logged in'),
(343, 1, '2022-12-08 07:05:43', 'Administrator', 'Logged out'),
(344, 1, '2022-12-08 07:05:46', 'Administrator', 'Logged in'),
(345, 1, '2022-12-08 07:06:26', 'Administrator', 'Logged out'),
(346, 1, '2022-12-08 08:50:32', 'Administrator', 'Logged in'),
(347, 1, '2022-12-08 09:24:10', 'Administrator', 'Logged out'),
(348, 1, '2022-12-08 09:24:21', 'Administrator', 'Logged in'),
(349, 1000000236, '2022-12-09 16:11:39', 'Student', 'Logged out'),
(350, 1000000237, '2022-12-09 16:13:47', 'Student', 'Logged out'),
(351, 1, '2022-12-09 16:19:05', 'Administrator', 'Logged in'),
(352, 1, '2022-12-09 16:23:22', 'Administrator', 'Logged out'),
(353, 1, '2022-12-09 16:23:27', 'Administrator', 'Logged in'),
(354, 1, '2022-12-09 16:26:09', 'Administrator', 'Logged out'),
(355, 1, '2022-12-09 16:26:14', 'Administrator', 'Logged in'),
(356, 1, '2022-12-09 16:27:33', 'Administrator', 'Logged out'),
(357, 2, '2022-12-09 16:27:57', 'Registrar', 'Logged in'),
(358, 2, '2022-12-09 16:28:25', 'Registrar', 'Logged out'),
(359, 2, '2022-12-09 16:28:35', 'Registrar', 'Logged in'),
(360, 2, '2022-12-09 16:30:21', 'Registrar', 'Logged out'),
(361, 1, '2022-12-09 16:30:42', 'Administrator', 'Logged in'),
(362, 1, '2022-12-09 16:41:58', 'Administrator', 'Logged out'),
(363, 1, '2022-12-09 16:47:01', 'Administrator', 'Logged in'),
(364, 1, '2022-12-09 16:49:05', 'Administrator', 'Logged out'),
(365, 1000000225, '2022-12-09 16:49:21', 'Student', 'Logged in'),
(366, 1, '2022-12-09 16:53:11', 'Administrator', 'Logged in'),
(367, 1, '2022-12-10 05:56:05', 'Administrator', 'Logged in'),
(368, 1, '2022-12-10 06:17:43', 'Administrator', 'Logged out'),
(369, 2, '2022-12-10 06:18:37', 'Registrar', 'Logged in'),
(370, 2, '2022-12-10 06:28:11', 'Registrar', 'Logged out'),
(371, 1, '2022-12-10 06:28:34', 'Administrator', 'Logged in'),
(372, 1, '2022-12-10 06:29:30', 'Administrator', 'Logged out'),
(373, 39, '2022-12-10 06:29:34', 'Instructor', 'Logged in'),
(374, 39, '2022-12-10 06:47:50', 'Instructor', 'Logged out'),
(375, 39, '2022-12-10 06:47:56', 'Instructor', 'Logged in'),
(376, 39, '2022-12-10 06:53:14', 'Instructor', 'Logged out'),
(377, 2, '2022-12-10 06:53:29', 'Registrar', 'Logged in'),
(378, 2, '2022-12-10 06:54:05', 'Registrar', 'Logged out'),
(379, 39, '2022-12-10 06:54:12', 'Instructor', 'Logged in'),
(380, 39, '2022-12-10 06:54:16', 'Instructor', 'Logged out'),
(381, 2, '2022-12-10 06:54:21', 'Registrar', 'Logged in'),
(382, 2, '2022-12-10 06:54:25', 'Registrar', 'Logged out'),
(383, 1, '2022-12-10 06:54:27', 'Administrator', 'Logged in'),
(384, 1, '2022-12-19 10:23:56', 'Administrator', 'Logged in'),
(385, 1000000238, '2022-12-19 10:42:59', 'Student', 'Logged out'),
(386, 1000000239, '2022-12-19 10:45:24', 'Student', 'Logged out'),
(387, 1000000240, '2022-12-19 10:47:00', 'Student', 'Logged out'),
(388, 1000000241, '2022-12-19 10:47:58', 'Student', 'Logged out'),
(389, 1000000242, '2022-12-19 10:54:15', 'Student', 'Logged out'),
(390, 1000000243, '2022-12-19 11:22:43', 'Student', 'Logged out'),
(391, 1000000244, '2022-12-19 13:09:37', 'Student', 'Logged out'),
(392, 1, '2022-12-19 13:10:06', 'Administrator', 'Logged out'),
(393, 39, '2022-12-19 13:10:09', 'Instructor', 'Logged in'),
(394, 39, '2022-12-19 13:11:03', 'Instructor', 'Logged out'),
(395, 1, '2022-12-19 13:11:07', 'Administrator', 'Logged in'),
(396, 1, '2022-12-19 13:12:31', 'Administrator', 'Logged out'),
(397, 1, '2022-12-19 13:13:06', 'Instructor', 'Logged in'),
(398, 1, '2022-12-19 13:19:04', 'Instructor', 'Logged out'),
(399, 1, '2022-12-19 13:19:08', 'Administrator', 'Logged in'),
(400, 1, '2022-12-19 13:19:11', 'Administrator', 'Logged out'),
(401, 2, '2022-12-19 13:20:26', 'Registrar', 'Logged in'),
(402, 1, '2022-12-19 15:22:32', 'Administrator', 'Logged in'),
(403, 1, '2022-12-19 15:23:22', 'Administrator', 'Logged out'),
(404, 2, '2022-12-19 15:25:16', 'Registrar', 'Logged in'),
(405, 2, '2022-12-19 15:25:52', 'Registrar', 'Logged out'),
(406, 1, '2022-12-19 15:26:06', 'Instructor', 'Logged in'),
(407, 1, '2022-12-19 15:26:21', 'Instructor', 'Logged out'),
(408, 1, '2022-12-19 15:26:31', 'Administrator', 'Logged in'),
(409, 1, '2022-12-19 15:32:18', 'Administrator', 'Logged out'),
(410, 1, '2022-12-19 15:32:21', 'Administrator', 'Logged in'),
(411, 1, '2022-12-19 15:42:00', 'Administrator', 'Logged out'),
(412, 1, '2022-12-19 15:42:05', 'Administrator', 'Logged in'),
(413, 1, '2022-12-30 09:40:44', 'Administrator', 'Logged in'),
(414, 1, '2022-12-30 09:41:58', 'Administrator', 'Logged in'),
(415, 1000000246, '2022-12-30 09:44:55', 'Student', 'Logged out'),
(416, 1000000246, '2022-12-30 09:45:13', 'Student', 'Logged in'),
(417, 1000000246, '2022-12-30 09:47:43', 'Student', 'Logged out'),
(418, 1000000246, '2022-12-30 09:47:52', 'Student', 'Logged in'),
(419, 1, '2022-12-30 09:48:19', 'Administrator', 'Logged out'),
(420, 1, '2022-12-30 09:48:30', 'Instructor', 'Logged in'),
(421, 1, '2022-12-30 10:57:52', 'Administrator', 'Logged in'),
(422, 1000000246, '2022-12-30 11:00:37', 'Student', 'Logged in'),
(423, 1, '2022-12-30 11:56:14', 'Administrator', 'Logged in'),
(424, 1000000216, '2022-12-30 11:57:03', 'Student', 'Logged in'),
(425, 1000000216, '2022-12-30 11:57:12', 'Student', 'Logged out'),
(426, 1, '2022-12-31 10:49:23', 'Administrator', 'Logged in'),
(427, 1000000248, '2022-12-31 10:52:25', 'Student', 'Logged out'),
(428, 1000000248, '2022-12-31 10:53:00', 'Student', 'Logged in'),
(429, 1000000248, '2022-12-31 10:53:24', 'Student', 'Logged out'),
(430, 1000000248, '2022-12-31 10:53:35', 'Student', 'Logged in'),
(431, 1000000248, '2022-12-31 10:53:52', 'Student', 'Logged out'),
(432, 1, '2022-12-31 12:37:48', 'Instructor', 'Logged in'),
(433, 1, '2022-12-31 12:40:56', 'Instructor', 'Logged out'),
(434, 1, '2022-12-31 12:41:02', 'Administrator', 'Logged in'),
(435, 1000000249, '2022-12-31 13:29:36', 'Student', 'Logged out'),
(436, 1000000249, '2022-12-31 13:37:31', 'Student', 'Logged in'),
(437, 1, '2023-01-01 06:16:31', 'Administrator', 'Logged in'),
(438, 1, '2023-01-01 06:25:48', 'Administrator', 'Logged out'),
(439, 1, '2023-01-01 06:26:46', 'Administrator', 'Logged in'),
(440, 1, '2023-01-01 06:41:29', 'Administrator', 'Logged in'),
(441, 1000000246, '2023-01-01 06:41:58', 'Student', 'Logged in'),
(442, 1000000246, '2023-01-01 06:49:28', 'Student', 'Logged out'),
(443, 1, '2023-01-01 06:52:00', 'Administrator', 'Logged out'),
(444, 1, '2023-01-01 07:12:24', 'Administrator', 'Logged in'),
(445, 1, '2023-01-01 08:07:33', 'Administrator', 'Logged in'),
(446, 1, '2023-01-01 08:15:21', 'Administrator', 'Logged out'),
(447, 1, '2023-01-01 08:15:30', 'Administrator', 'Logged in'),
(448, 1000000251, '2023-01-01 08:16:09', 'Student', 'Logged out'),
(449, 1, '2023-01-01 08:26:48', 'Administrator', 'Logged out'),
(450, 1, '2023-01-01 08:27:01', 'Administrator', 'Logged in'),
(451, 1, '2023-01-01 08:34:14', 'Administrator', 'Logged out'),
(452, 1, '2023-01-01 08:34:24', 'Administrator', 'Logged in'),
(453, 1, '2023-01-01 09:03:32', 'Administrator', 'Logged in'),
(454, 1, '2023-01-01 09:12:48', 'Administrator', 'Logged out'),
(455, 1, '2023-01-01 09:12:57', 'Administrator', 'Logged in'),
(456, 40, '2023-01-01 09:19:36', 'Instructor', 'Logged in'),
(457, 1000000252, '2023-01-01 09:23:29', 'Student', 'Logged out'),
(458, 1000000253, '2023-01-01 09:26:44', 'Student', 'Logged out'),
(459, 1000000253, '2023-01-01 09:33:10', 'Student', 'Logged in'),
(460, 1, '2023-01-01 09:57:39', 'Administrator', 'Logged in'),
(461, 40, '2023-01-01 10:23:31', 'Instructor', 'Logged out'),
(462, 1, '2023-01-01 10:58:45', 'Administrator', 'Logged in'),
(463, 1000000254, '2023-01-01 12:12:24', 'Student', 'Logged out'),
(464, 1000000254, '2023-01-01 12:37:06', 'Student', 'Logged in'),
(465, 1000000254, '2023-01-01 12:39:52', 'Student', 'Logged out'),
(466, 1000000255, '2023-01-01 13:18:36', 'Student', 'Logged out'),
(467, 1000000255, '2023-01-01 13:20:00', 'Student', 'Logged in'),
(468, 1000000255, '2023-01-01 13:20:07', 'Student', 'Logged out'),
(469, 1000000254, '2023-01-01 13:23:00', 'Student', 'Logged in'),
(470, 1000000254, '2023-01-01 13:27:17', 'Student', 'Logged out'),
(471, 1, '2023-01-01 14:20:20', 'Administrator', 'Logged in'),
(472, 1, '2023-01-01 17:14:37', 'Administrator', 'Logged in'),
(473, 1, '2023-01-01 17:19:01', 'Administrator', 'Logged out'),
(474, 1, '2023-01-01 17:19:38', 'Administrator', 'Logged in'),
(475, 1, '2023-01-02 02:55:26', 'Administrator', 'Logged in'),
(476, 1, '2023-01-02 03:24:46', 'Administrator', 'Logged in'),
(477, 1000000256, '2023-01-02 04:15:32', 'Student', 'Logged out'),
(478, 1000000257, '2023-01-02 04:21:44', 'Student', 'Logged out'),
(479, 1000000258, '2023-01-02 04:30:06', 'Student', 'Logged out'),
(480, 1000000259, '2023-01-02 04:32:32', 'Student', 'Logged out'),
(481, 1, '2023-01-02 04:52:56', 'Administrator', 'Logged in'),
(482, 1000000260, '2023-01-02 04:53:07', 'Student', 'Logged out'),
(483, 1000000261, '2023-01-02 04:55:25', 'Student', 'Logged out'),
(484, 1000000262, '2023-01-02 04:57:45', 'Student', 'Logged out'),
(485, 1000000263, '2023-01-02 05:07:08', 'Student', 'Logged out'),
(486, 1000000264, '2023-01-02 05:12:55', 'Student', 'Logged out'),
(487, 1000000254, '2023-01-02 05:16:41', 'Student', 'Logged in'),
(488, 1000000265, '2023-01-02 05:44:16', 'Student', 'Logged out'),
(489, 1000000264, '2023-01-02 05:44:46', 'Student', 'Logged in'),
(490, 1000000264, '2023-01-02 05:44:51', 'Student', 'Logged out'),
(491, 1000000267, '2023-01-02 05:46:23', 'Student', 'Logged out'),
(492, 1000000268, '2023-01-02 05:47:58', 'Student', 'Logged out'),
(493, 1000000266, '2023-01-02 05:48:35', 'Student', 'Logged out'),
(494, 1000000266, '2023-01-02 05:49:25', 'Student', 'Logged in'),
(495, 1000000270, '2023-01-02 05:50:10', 'Student', 'Logged out'),
(496, 1000000266, '2023-01-02 05:54:12', 'Student', 'Logged out'),
(497, 1000000271, '2023-01-02 06:07:22', 'Student', 'Logged out'),
(498, 1000000265, '2023-01-02 06:11:54', 'Student', 'Logged out'),
(499, 1000000272, '2023-01-02 06:25:05', 'Student', 'Logged out'),
(500, 1000000273, '2023-01-02 06:26:59', 'Student', 'Logged out'),
(501, 1000000274, '2023-01-02 06:28:41', 'Student', 'Logged out'),
(502, 1000000275, '2023-01-02 06:30:47', 'Student', 'Logged out'),
(503, 1000000276, '2023-01-02 06:32:33', 'Student', 'Logged out'),
(504, 1000000277, '2023-01-02 06:35:02', 'Student', 'Logged out'),
(505, 1000000278, '2023-01-02 06:36:46', 'Student', 'Logged out'),
(506, 1, '2023-01-02 06:39:02', 'Administrator', 'Logged in'),
(507, 1000000279, '2023-01-02 06:40:03', 'Student', 'Logged out'),
(508, 1, '2023-01-02 06:44:43', 'Administrator', 'Logged in'),
(509, 1000000280, '2023-01-02 06:46:04', 'Student', 'Logged out'),
(510, 1000000281, '2023-01-02 06:48:22', 'Student', 'Logged out'),
(511, 1000000282, '2023-01-02 06:51:26', 'Student', 'Logged out'),
(512, 1000000283, '2023-01-02 06:55:04', 'Student', 'Logged out'),
(513, 1, '2023-01-02 06:57:13', 'Administrator', 'Logged in'),
(514, 1000000284, '2023-01-02 06:58:42', 'Student', 'Logged out'),
(515, 1000000285, '2023-01-02 07:03:12', 'Student', 'Logged out'),
(516, 1000000287, '2023-01-02 08:34:38', 'Student', 'Logged out'),
(517, 1000000288, '2023-01-02 08:37:15', 'Student', 'Logged out'),
(518, 1, '2023-01-02 10:13:45', 'Administrator', 'Logged in'),
(519, 1, '2023-01-02 11:23:24', 'Administrator', 'Logged in'),
(520, 1, '2023-01-02 11:29:02', 'Administrator', 'Logged out'),
(521, 9, '2023-01-02 11:29:13', 'Registrar', 'Logged in'),
(522, 1, '2023-01-02 12:15:42', 'Administrator', 'Logged out'),
(523, 9, '2023-01-02 12:15:53', 'Registrar', 'Logged in'),
(524, 1, '2023-01-02 13:41:28', 'Administrator', 'Logged in'),
(525, 1, '2023-01-02 13:42:45', 'Administrator', 'Logged in'),
(526, 9, '2023-01-02 14:02:10', 'Registrar', 'Logged out'),
(527, 1, '2023-01-02 14:13:50', 'Administrator', 'Logged in'),
(528, 1000000251, '2023-01-02 14:29:07', 'Student', 'Logged in'),
(529, 1000000251, '2023-01-02 14:30:45', 'Student', 'Logged out'),
(530, 1000000290, '2023-01-02 14:43:23', 'Student', 'Logged out'),
(531, 1000000290, '2023-01-02 14:47:54', 'Student', 'Logged in'),
(532, 1000000290, '2023-01-02 14:48:02', 'Student', 'Logged out'),
(533, 1000000291, '2023-01-02 14:51:42', 'Student', 'Logged out'),
(534, 1000000291, '2023-01-02 14:51:54', 'Student', 'Logged in'),
(535, 1, '2023-01-02 14:57:02', 'Administrator', 'Logged in'),
(536, 1000000291, '2023-01-02 14:59:47', 'Student', 'Logged out'),
(537, 1000000291, '2023-01-02 15:22:17', 'Student', 'Logged in'),
(538, 1000000291, '2023-01-02 15:41:10', 'Student', 'Logged out'),
(539, 1000000292, '2023-01-02 15:50:22', 'Student', 'Logged out'),
(540, 1, '2023-01-03 05:05:09', 'Administrator', 'Logged in'),
(541, 1, '2023-01-03 05:08:14', 'Administrator', 'Logged in'),
(542, 1000000292, '2023-01-03 06:13:31', 'Student', 'Logged in'),
(543, 1, '2023-01-03 06:15:06', 'Administrator', 'Logged in'),
(544, 1, '2023-01-03 06:22:06', 'Administrator', 'Logged out'),
(545, 1, '2023-01-03 06:24:32', 'Administrator', 'Logged in'),
(546, 1, '2023-01-03 06:25:40', 'Administrator', 'Logged out'),
(547, 40, '2023-01-03 06:27:20', 'Instructor', 'Logged in'),
(548, 1000000293, '2023-01-03 06:28:51', 'Student', 'Logged out'),
(549, 40, '2023-01-03 06:30:10', 'Instructor', 'Logged out'),
(550, 1, '2023-01-03 06:30:15', 'Administrator', 'Logged in'),
(551, 1000000293, '2023-01-03 06:30:44', 'Student', 'Logged in'),
(552, 1, '2023-01-03 06:31:57', 'Administrator', 'Logged out'),
(553, 40, '2023-01-03 06:32:10', 'Instructor', 'Logged in'),
(554, 1, '2023-01-03 06:33:32', 'Administrator', 'Logged in'),
(555, 1000000293, '2023-01-03 06:34:56', 'Student', 'Logged out'),
(556, 1000000293, '2023-01-03 06:35:10', 'Student', 'Logged in'),
(557, 1000000293, '2023-01-03 06:36:54', 'Student', 'Logged out'),
(558, 1000000293, '0000-00-00 00:00:00', 'Student', 'Logged in'),
(559, 40, '2023-01-03 06:41:00', 'Instructor', 'Logged out'),
(560, 1, '2023-01-03 06:41:13', 'Administrator', 'Logged in'),
(561, 1000000293, '2023-01-03 06:43:33', 'Student', 'Logged out'),
(562, 1000000293, '2023-01-03 06:43:45', 'Student', 'Logged in'),
(563, 1000000293, '2023-01-03 06:43:52', 'Student', 'Logged out'),
(564, 1000000254, '0000-00-00 00:00:00', 'Student', 'Logged in'),
(565, 1000000254, '2023-01-03 06:45:37', 'Student', 'Logged out'),
(566, 1000000293, '0000-00-00 00:00:00', 'Student', 'Logged in'),
(567, 1000000292, '2023-01-03 06:48:59', 'Student', 'Logged out'),
(568, 1000000292, '2023-01-03 06:49:10', 'Student', 'Logged in'),
(569, 1000000293, '2023-01-03 06:49:55', 'Student', 'Logged out'),
(570, 1000000292, '2023-01-03 06:50:09', 'Student', 'Logged in'),
(571, 1000000292, '2023-01-03 06:50:22', 'Student', 'Logged out'),
(572, 1000000292, '2023-01-03 06:51:31', 'Student', 'Logged out'),
(573, 1000000293, '2023-01-03 06:51:48', 'Student', 'Logged in'),
(574, 1, '2023-01-03 06:53:20', 'Administrator', 'Logged out'),
(575, 40, '2023-01-03 06:53:42', 'Instructor', 'Logged in'),
(576, 1000000292, '0000-00-00 00:00:00', 'Student', 'Logged in'),
(577, 40, '2023-01-03 07:00:29', 'Instructor', 'Logged out'),
(578, 1, '2023-01-03 07:00:40', 'Administrator', 'Logged in'),
(579, 1, '2023-01-03 08:19:18', 'Administrator', 'Logged out'),
(580, 1, '2023-01-03 08:19:43', 'Administrator', 'Logged in'),
(581, 1000000293, '2023-01-03 08:20:47', 'Student', 'Logged out'),
(582, 1000000294, '2023-01-03 08:24:09', 'Student', 'Logged in'),
(583, 1000000294, '2023-01-03 08:24:35', 'Student', 'Logged out'),
(584, 1, '2023-01-03 08:25:54', 'Administrator', 'Logged in'),
(585, 1000000294, '2023-01-03 08:28:34', 'Student', 'Logged in'),
(586, 1000000294, '2023-01-03 08:28:52', 'Student', 'Logged out'),
(587, 1000000294, '0000-00-00 00:00:00', 'Student', 'Logged in'),
(588, 1, '2023-01-03 08:30:02', 'Administrator', 'Logged out'),
(589, 45, '2023-01-03 08:30:17', 'Instructor', 'Logged in'),
(590, 1000000294, '2023-01-03 08:33:29', 'Student', 'Logged out'),
(591, 1000000293, '2023-01-03 08:35:22', 'Student', 'Logged in'),
(592, 1000000294, '2023-01-03 08:38:32', 'Student', 'Logged out'),
(593, 1000000294, '0000-00-00 00:00:00', 'Student', 'Logged in'),
(594, 1000000293, '2023-01-03 08:39:18', 'Student', 'Logged out'),
(595, 1000000294, '2023-01-03 08:39:27', 'Student', 'Logged in'),
(596, 1, '2023-01-03 08:41:39', 'Administrator', 'Logged out'),
(597, 45, '2023-01-03 08:41:51', 'Instructor', 'Logged in'),
(598, 45, '2023-01-03 08:53:24', 'Instructor', 'Logged out'),
(599, 1, '2023-01-03 08:53:45', 'Administrator', 'Logged in'),
(600, 45, '2023-01-03 08:54:32', 'Instructor', 'Logged out'),
(601, 1, '2023-01-03 08:54:50', 'Administrator', 'Logged in'),
(602, 1, '2023-01-03 08:54:50', 'Administrator', 'Logged out'),
(603, 1, '2023-01-03 08:58:47', 'Administrator', 'Logged out'),
(604, 45, '2023-01-03 08:59:02', 'Instructor', 'Logged in'),
(605, 45, '2023-01-03 08:59:09', 'Instructor', 'Logged out'),
(606, 1, '2023-01-03 08:59:33', 'Administrator', 'Logged in'),
(607, 9, '2023-01-03 13:05:13', 'Registrar', 'Logged in'),
(608, 9, '2023-01-03 13:05:28', 'Registrar', 'Logged out'),
(609, 1, '2023-01-03 13:07:28', 'Administrator', 'Logged out'),
(610, 1, '2023-01-03 13:07:41', 'Administrator', 'Logged in'),
(611, 1, '2023-01-03 13:08:27', 'Administrator', 'Logged in'),
(612, 1, '2023-01-03 13:48:10', 'Administrator', 'Logged out'),
(613, 1, '2023-01-03 13:48:34', 'Administrator', 'Logged in'),
(614, 1000000292, '2023-01-03 13:52:40', 'Student', 'Logged in'),
(615, 1, '2023-01-03 13:58:53', 'Administrator', 'Logged out'),
(616, 45, '2023-01-03 13:59:50', 'Instructor', 'Logged in'),
(617, 45, '2023-01-03 14:05:16', 'Instructor', 'Logged out'),
(618, 1, '2023-01-03 14:05:57', 'Administrator', 'Logged in'),
(619, 1, '2023-01-03 14:17:14', 'Administrator', 'Logged out'),
(620, 45, '2023-01-03 14:17:32', 'Instructor', 'Logged in'),
(621, 1, '2023-01-04 04:33:50', 'Administrator', 'Logged in'),
(622, 1, '2023-01-04 04:44:12', 'Administrator', 'Logged out'),
(623, 45, '2023-01-04 04:44:33', 'Instructor', 'Logged in'),
(624, 1000000295, '2023-01-04 04:47:17', 'Student', 'Logged out'),
(625, 1000000295, '0000-00-00 00:00:00', 'Student', 'Logged in'),
(626, 1000000295, '2023-01-04 04:47:46', 'Student', 'Logged out'),
(627, 1000000295, '0000-00-00 00:00:00', 'Student', 'Logged in'),
(628, 45, '2023-01-04 04:49:29', 'Instructor', 'Logged out'),
(629, 1, '2023-01-04 04:49:51', 'Administrator', 'Logged in'),
(630, 1000000294, '0000-00-00 00:00:00', 'Student', 'Logged in'),
(631, 1000000294, '2023-01-04 06:03:59', 'Student', 'Logged out'),
(632, 1000000293, '0000-00-00 00:00:00', 'Student', 'Logged in'),
(633, 1, '2023-01-04 06:05:14', 'Administrator', 'Logged in'),
(634, 1, '2023-01-04 06:05:49', 'Administrator', 'Logged out'),
(635, 40, '2023-01-04 06:06:01', 'Instructor', 'Logged in'),
(636, 1000000293, '2023-01-04 06:12:20', 'Student', 'Logged out'),
(637, 40, '2023-01-04 06:12:29', 'Instructor', 'Logged out'),
(638, 1, '2023-01-04 06:13:06', 'Administrator', 'Logged in'),
(639, 1000000293, '0000-00-00 00:00:00', 'Student', 'Logged in'),
(640, 1000000293, '2023-01-04 06:21:28', 'Student', 'Logged out'),
(641, 1000000294, '0000-00-00 00:00:00', 'Student', 'Logged in'),
(642, 1000000294, '2023-01-04 06:27:03', 'Student', 'Logged out'),
(643, 1000000293, '0000-00-00 00:00:00', 'Student', 'Logged in'),
(644, 1000000293, '2023-01-04 08:19:12', 'Student', 'Logged out'),
(645, 1, '2023-01-04 10:32:01', 'Administrator', 'Logged in'),
(646, 1000000294, '2023-01-04 11:18:51', 'Student', 'Logged in'),
(647, 1, '2023-01-04 12:54:49', 'Administrator', 'Logged out'),
(648, 40, '2023-01-04 12:55:03', 'Instructor', 'Logged in'),
(649, 1, '2023-01-04 13:53:53', 'Administrator', 'Logged in'),
(650, 1, '2023-01-04 13:54:29', 'Administrator', 'Logged out'),
(651, 40, '2023-01-04 13:54:41', 'Instructor', 'Logged in'),
(652, 1000000296, '2023-01-04 13:57:23', 'Student', 'Logged out'),
(653, 40, '2023-01-04 14:03:28', 'Instructor', 'Logged out'),
(654, 40, '2023-01-04 14:03:37', 'Instructor', 'Logged in'),
(655, 1000000296, '2023-01-04 14:15:24', 'Student', 'Logged in'),
(656, 40, '2023-01-04 18:34:03', 'Instructor', 'Logged out'),
(657, 1, '2023-01-04 18:35:11', 'Administrator', 'Logged in'),
(658, 1, '2023-01-04 18:37:25', 'Administrator', 'Logged out'),
(659, 40, '2023-01-04 18:37:58', 'Instructor', 'Logged in'),
(660, 1000000296, '2023-01-04 18:39:18', 'Student', 'Logged out'),
(661, 1000000292, '0000-00-00 00:00:00', 'Student', 'Logged in'),
(662, 1000000292, '2023-01-04 18:40:17', 'Student', 'Logged out'),
(663, 1000000292, '0000-00-00 00:00:00', 'Student', 'Logged in'),
(664, 1000000293, '2023-01-05 06:53:18', 'Student', 'Logged in'),
(665, 1, '2023-01-05 06:54:18', 'Administrator', 'Logged in'),
(666, 1000000293, '2023-01-05 07:53:29', 'Student', 'Logged out'),
(667, 1, '2023-01-05 07:56:15', 'Administrator', 'Logged out'),
(668, 1000000297, '2023-01-05 07:57:04', 'Student', 'Logged out'),
(669, 1000000297, '2023-01-05 07:57:15', 'Student', 'Logged in'),
(670, 40, '2023-01-05 07:57:42', 'Instructor', 'Logged in'),
(671, 40, '2023-01-05 08:00:55', 'Instructor', 'Logged out'),
(672, 1, '2023-01-05 08:03:32', 'Administrator', 'Logged in'),
(673, 1, '2023-01-05 08:08:35', 'Administrator', 'Logged out'),
(674, 48, '2023-01-05 08:08:51', 'Instructor', 'Logged in'),
(675, 48, '2023-01-05 08:12:37', 'Instructor', 'Logged out'),
(676, 1, '2023-01-05 08:12:50', 'Administrator', 'Logged in'),
(677, 1000000297, '2023-01-05 08:15:11', 'Student', 'Logged out'),
(678, 1, '2023-01-05 08:22:53', 'Administrator', 'Logged out'),
(679, 1, '2023-01-05 08:23:43', 'Administrator', 'Logged in'),
(680, 1, '2023-01-05 08:24:34', 'Administrator', 'Logged out'),
(681, 1, '2023-01-05 08:25:29', 'Administrator', 'Logged in'),
(682, 1, '2023-01-05 08:27:12', 'Administrator', 'Logged out'),
(683, 42, '2023-01-05 08:27:28', 'Instructor', 'Logged in'),
(684, 42, '2023-01-05 08:32:19', 'Instructor', 'Logged out'),
(685, 1, '2023-01-05 08:32:43', 'Administrator', 'Logged in'),
(686, 1, '2023-01-05 08:33:35', 'Administrator', 'Logged out'),
(687, 43, '2023-01-05 08:34:38', 'Instructor', 'Logged in'),
(688, 1000000293, '2023-01-05 08:36:50', 'Student', 'Logged in'),
(689, 43, '2023-01-05 08:37:28', 'Instructor', 'Logged out'),
(690, 48, '2023-01-05 08:37:41', 'Instructor', 'Logged in'),
(691, 1000000293, '2023-01-05 08:51:48', 'Student', 'Logged out'),
(692, 1000000254, '2023-01-05 08:52:01', 'Student', 'Logged in'),
(693, 1000000254, '2023-01-05 08:52:08', 'Student', 'Logged out'),
(694, 48, '2023-01-05 08:52:43', 'Instructor', 'Logged out'),
(695, 1, '2023-01-05 08:55:16', 'Administrator', 'Logged in'),
(696, 1000000298, '2023-01-05 12:51:00', 'Student', 'Logged in'),
(697, 1000000299, '2023-01-05 13:31:03', 'Student', 'Logged out'),
(698, 1000000294, '0000-00-00 00:00:00', 'Student', 'Logged in'),
(699, 1, '2023-01-05 13:32:22', 'Administrator', 'Logged out'),
(700, 45, '2023-01-05 13:32:40', 'Instructor', 'Logged in'),
(701, 45, '2023-01-05 13:33:58', 'Instructor', 'Logged out'),
(702, 1, '2023-01-05 13:34:12', 'Administrator', 'Logged in'),
(703, 1000000294, '2023-01-05 13:57:49', 'Student', 'Logged out'),
(704, 1, '2023-01-05 13:58:09', 'Administrator', 'Logged out'),
(705, 1, '2023-01-05 14:10:29', 'Administrator', 'Logged in'),
(706, 1, '2023-01-05 14:16:58', 'Administrator', 'Logged out'),
(707, 40, '2023-01-05 14:17:17', 'Instructor', 'Logged in'),
(708, 40, '2023-01-05 14:19:57', 'Instructor', 'Logged out'),
(709, 1, '2023-01-05 14:20:08', 'Administrator', 'Logged in'),
(710, 1000000300, '2023-01-05 14:21:11', 'Student', 'Logged out'),
(711, 1, '2023-01-05 15:01:17', 'Administrator', 'Logged in'),
(712, 1, '2023-01-06 00:26:08', 'Administrator', 'Logged in'),
(713, 1000000300, '2023-01-06 00:27:15', 'Student', 'Logged in'),
(714, 1000000292, '2023-01-06 00:48:07', 'Student', 'Logged in'),
(715, 48, '2023-01-06 00:51:31', 'Instructor', 'Logged in'),
(716, 48, '2023-01-06 00:53:45', 'Instructor', 'Logged out'),
(717, 1, '2023-01-06 00:53:55', 'Administrator', 'Logged in'),
(718, 1, '2023-01-06 01:49:03', 'Administrator', 'Logged in'),
(719, 1, '2023-01-06 02:07:25', 'Administrator', 'Logged out'),
(720, 40, '2023-01-06 02:07:51', 'Instructor', 'Logged in'),
(721, 40, '2023-01-06 03:05:41', 'Instructor', 'Logged out'),
(722, 1, '2023-01-06 03:19:37', 'Administrator', 'Logged in'),
(723, 1000000302, '2023-01-06 03:29:40', 'Student', 'Logged out'),
(724, 1, '2023-01-06 03:29:47', 'Administrator', 'Logged out'),
(725, 40, '2023-01-06 03:29:58', 'Instructor', 'Logged in'),
(726, 1000000302, '2023-01-06 03:31:39', 'Student', 'Logged in'),
(727, 40, '2023-01-06 03:35:22', 'Instructor', 'Logged out'),
(728, 1, '2023-01-06 03:35:42', 'Administrator', 'Logged in'),
(729, 1000000302, '2023-01-06 03:41:21', 'Student', 'Logged out'),
(730, 1000000298, '2023-01-06 03:41:37', 'Student', 'Logged in'),
(731, 1000000298, '2023-01-06 03:43:01', 'Student', 'Logged out'),
(732, 1000000303, '2023-01-06 03:51:43', 'Student', 'Logged out'),
(733, 1000000292, '0000-00-00 00:00:00', 'Student', 'Logged in'),
(734, 1, '2023-01-06 03:54:32', 'Administrator', 'Logged out'),
(735, 40, '2023-01-06 03:55:04', 'Instructor', 'Logged in'),
(736, 40, '2023-01-06 03:57:45', 'Instructor', 'Logged out'),
(737, 9, '2023-01-06 03:58:18', 'Registrar', 'Logged in'),
(738, 1, '2023-01-09 02:13:29', 'Administrator', 'Logged in'),
(739, 1, '2023-01-09 02:21:55', 'Administrator', 'Logged out'),
(740, 40, '2023-01-09 02:22:15', 'Instructor', 'Logged in'),
(741, 1000000304, '2023-01-09 02:55:19', 'Student', 'Logged out'),
(742, 1000000292, '2023-01-09 02:55:27', 'Student', 'Logged in'),
(743, 40, '2023-01-09 02:56:27', 'Instructor', 'Logged out'),
(744, 41, '2023-01-09 02:56:49', 'Instructor', 'Logged in'),
(745, 1, '2023-01-11 07:34:49', 'Administrator', 'Logged in'),
(746, 1, '2023-02-08 03:34:19', 'Administrator', 'Logged in'),
(747, 1000000305, '2023-02-14 01:32:32', 'Student', 'Logged out'),
(748, 1, '2023-02-14 01:33:41', 'Administrator', 'Logged out'),
(749, 1, '2023-02-14 01:34:49', 'Administrator', 'Logged in'),
(750, 1000000306, '2023-02-16 02:21:39', 'Student', 'Logged out'),
(751, 1, '2023-02-26 08:38:23', 'Administrator', 'Logged in'),
(752, 1000000299, '2023-02-26 21:42:01', 'Student', 'Logged in'),
(753, 1000000299, '2023-02-27 04:48:01', 'Student', 'Logged in'),
(754, 1000000299, '2023-03-02 13:37:20', 'Student', 'Logged in'),
(755, 1, '2023-03-02 13:40:35', 'Administrator', 'Logged in'),
(756, 1000000305, '0000-00-00 00:00:00', 'Student', 'Logged in'),
(757, 40, '2023-03-13 13:32:37', 'Instructor', 'Logged in'),
(758, 1000000305, '2023-03-13 13:43:41', 'Student', 'Logged out'),
(759, 1000000302, '2023-03-13 13:44:19', 'Student', 'Logged in'),
(760, 1000000302, '2023-03-13 13:58:42', 'Student', 'Logged out'),
(761, 1000000300, '2023-03-13 13:59:01', 'Student', 'Logged in'),
(762, 40, '2023-03-13 14:00:02', 'Instructor', 'Logged out'),
(763, 48, '2023-03-13 14:00:33', 'Instructor', 'Logged in'),
(764, 48, '2023-03-13 14:03:34', 'Instructor', 'Logged out'),
(765, 1, '2023-03-13 14:04:04', 'Administrator', 'Logged in'),
(766, 1, '2023-03-13 14:52:56', 'Administrator', 'Logged out'),
(767, 48, '2023-03-13 14:53:32', 'Instructor', 'Logged in'),
(768, 48, '2023-03-13 15:02:00', 'Instructor', 'Logged out'),
(769, 1, '2023-03-13 15:02:20', 'Administrator', 'Logged in'),
(770, 1, '2023-03-23 11:37:23', 'Administrator', 'Logged in'),
(771, 1, '2023-03-23 12:53:23', 'Administrator', 'Logged out'),
(772, 40, '2023-03-23 12:53:52', 'Instructor', 'Logged in'),
(773, 40, '2023-03-23 12:54:30', 'Instructor', 'Logged out'),
(774, 1000000305, '2023-03-23 12:55:13', 'Student', 'Logged in'),
(775, 1000000305, '2023-03-23 12:56:23', 'Student', 'Logged out'),
(776, 1000000299, '2023-03-23 12:57:33', 'Student', 'Logged in'),
(777, 1000000299, '2023-03-23 12:59:31', 'Student', 'Logged out'),
(778, 1000000305, '2023-03-23 13:00:08', 'Student', 'Logged in'),
(779, 1000000305, '2023-03-23 13:00:13', 'Student', 'Logged out'),
(780, 1000000305, '2023-03-23 13:00:29', 'Student', 'Logged in'),
(781, 1000000305, '2023-03-23 13:01:42', 'Student', 'Logged out'),
(782, 1000000304, '2023-03-23 13:02:38', 'Student', 'Logged in'),
(783, 40, '2023-03-23 13:03:45', 'Instructor', 'Logged in');

-- --------------------------------------------------------

--
-- Table structure for table `tblschedule`
--

CREATE TABLE `tblschedule` (
  `schedID` int(11) NOT NULL,
  `TIME_FROM` varchar(90) NOT NULL,
  `TIME_TO` varchar(90) NOT NULL,
  `sched_time` varchar(30) NOT NULL,
  `num_TIME_FROM` tinyint(4) NOT NULL,
  `num_TIME_TO` tinyint(4) NOT NULL,
  `AMPM` int(2) NOT NULL,
  `sched_day` varchar(30) NOT NULL,
  `sched_sy` varchar(30) NOT NULL,
  `sched_room` varchar(30) NOT NULL,
  `SECTION` varchar(30) NOT NULL,
  `COURSE_ID` int(11) NOT NULL,
  `SUBJ_ID` int(11) NOT NULL,
  `INST_ID` int(11) NOT NULL
) ENGINE=InnoDB DEFAULT CHARSET=latin1;

--
-- Dumping data for table `tblschedule`
--

INSERT INTO `tblschedule` (`schedID`, `TIME_FROM`, `TIME_TO`, `sched_time`, `num_TIME_FROM`, `num_TIME_TO`, `AMPM`, `sched_day`, `sched_sy`, `sched_room`, `SECTION`, `COURSE_ID`, `SUBJ_ID`, `INST_ID`) VALUES
(43, '08:00 am', '10:00 am', '08:00 am-10:00 am', 8, 10, 0, 'Monday', '2022-2023', 'room 1', '1', 1, 0, 1),
(58, '07:00 am', '07:30 am', '07:00 am-07:30 am', 7, 7, 0, 'Monday', '2023-2024', 'Room 1', '1', 1, 12, 40),
(59, '07:30 am', '08:00 am', '07:30 am-08:00 am', 7, 8, 0, 'Monday', '2023-2024', 'Room 1', '1', 1, 13, 40),
(60, '08:00 am', '08:30 am', '08:00 am-08:30 am', 8, 8, 0, 'Monday', '2023-2024', 'Room 1', '1', 1, 14, 40),
(61, '09:00 am', '09:30 am', '09:00 am-09:30 am', 9, 9, 0, 'Tuesday', '2023-2024', 'Room 1', '1', 1, 15, 40),
(62, '09:30 am', '10:00 am', '09:30 am-10:00 am', 9, 10, 0, 'Tuesday', '2023-2024', 'Room 1', '1', 1, 16, 40),
(63, '10:00 am', '10:30 am', '10:00 am-10:30 am', 10, 10, 0, 'Friday', '2023-2024', 'Room 1', '1', 1, 17, 40),
(66, '12:30 pm', '01:00 pm', '12:30 pm-01:00 pm', 12, 1, 0, 'Monday', '2023-2024', 'Room 8', '1', 2, 18, 48),
(68, '01:30 pm', '02:00 pm', '01:30 pm-02:00 pm', 1, 2, 0, 'Friday', '2023-2024', 'Room 8', '1', 2, 20, 48),
(69, '07:00 am', '07:30 am', '07:00 am-07:30 am', 7, 7, 0, 'M-W-F', '2023-2024', 'Room 2', '1', 3, 26, 41),
(70, '09:00 am', '10:00 am', '09:00 am-10:00 am', 9, 10, 0, 'T-TH', '2023-2024', 'Room 2', '1', 3, 29, 41),
(71, '10:00 am', '10:30 am', '10:00 am-10:30 am', 10, 10, 0, 'Thursday', '2023-2024', 'Room 2', '1', 3, 30, 41),
(72, '01:00 pm', '01:30 pm', '01:00 pm-01:30 pm', 1, 1, 0, 'Monday - Friday', '2023-2024', 'Room 3', '1', 6, 32, 42),
(73, '01:30 pm', '02:00 pm', '01:30 pm-02:00 pm', 1, 2, 0, 'M-W-F', '2023-2024', 'Room 3', '1', 6, 37, 42),
(74, '08:00 am', '09:00 am', '08:00 am-09:00 am', 8, 9, 0, 'Monday - Friday', '2023-2024', 'Room 4', '1', 7, 40, 43),
(75, '09:00 am', '10:00 am', '09:00 am-10:00 am', 9, 10, 0, 'Friday', '2023-2024', 'Room 4', '1', 7, 42, 43),
(76, '08:00 am', '09:00 am', '08:00 am-09:00 am', 8, 9, 0, 'Monday - Friday', '2023-2024', 'Room 5', '1', 8, 46, 44),
(77, '01:00 pm', '02:00 pm', '01:00 pm-02:00 pm', 1, 2, 0, 'T-TH', '2023-2024', 'Room 5', '1', 8, 51, 44),
(78, '09:00 am', '10:00 am', '09:00 am-10:00 am', 9, 10, 0, 'Wednesday', '2023-2024', 'Room 6', '1', 9, 54, 45),
(79, '10:00 am', '10:30 am', '10:00 am-10:30 am', 10, 10, 0, 'Thursday', '2023-2024', 'Room 6', '1', 9, 53, 45),
(80, '07:00 am', '08:00 am', '07:00 am-08:00 am', 7, 8, 0, 'Monday - Friday', '2023-2024', 'Room 7', '1', 10, 61, 46),
(81, '02:00 pm', '02:30 pm', '02:00 pm-02:30 pm', 2, 2, 0, 'M-W-F', '2023-2024', 'Room 7', '1', 10, 63, 46),
(82, '10:00 am', '11:00 am', '10:00 am-11:00 am', 10, 11, 0, 'T-TH', '2023-2024', 'Room 7', '1', 11, 67, 47),
(83, '01:00 pm', '02:00 pm', '01:00 pm-02:00 pm', 1, 2, 0, 'Friday', '2023-2024', 'Room 7', '1', 11, 73, 47),
(86, '07:00 am', '07:30 am', '07:00 am-07:30 am', 7, 7, 0, 'Wednesday', '2023-2024', 'Room 6', '1', 9, 55, 45),
(87, '07:30 am', '08:00 am', '07:30 am-08:00 am', 7, 8, 0, 'Wednesday', '2023-2024', 'Room 6', '1', 9, 56, 45),
(88, '08:00 am', '08:30 am', '08:00 am-08:30 am', 8, 8, 0, 'Thursday', '2023-2024', 'Room 6', '1', 9, 57, 45),
(89, '12:00 pm', '12:30 pm', '12:00 pm-12:30 pm', 12, 12, 0, 'M-W-F', '2023-2024', 'Room 6', '1', 9, 58, 45),
(90, '01:00 pm', '01:30 pm', '01:00 pm-01:30 pm', 1, 1, 0, 'T-TH', '2023-2024', 'Room 6', '1', 9, 0, 45),
(91, '02:00 pm', '02:30 pm', '02:00 pm-02:30 pm', 2, 2, 0, 'Thursday', '2023-2024', 'Room 6', '1', 9, 59, 45),
(92, '11:00 am', '11:30 am', '11:00 am-11:30 am', 11, 11, 0, 'Wednesday', '2023-2024', 'Room 8', '1', 2, 19, 48),
(93, '11:30 am', '12:00 pm', '11:30 am-12:00 pm', 11, 12, 0, 'Friday', '2023-2024', 'Room 8', '1', 2, 23, 48),
(94, '02:30 pm', '03:00 pm', '02:30 pm-03:00 pm', 2, 3, 0, 'Wednesday', '2023-2024', 'Room 8', '1', 2, 24, 48),
(95, '03:00 pm', '03:30 pm', '03:00 pm-03:30 pm', 3, 3, 0, 'Thursday', '2023-2024', 'Room 8', '1', 2, 25, 48),
(96, '07:30 am', '08:00 am', '07:30 am-08:00 am', 7, 8, 0, 'Tuesday', '2023-2024', 'Room 2', '1', 3, 28, 41),
(97, '08:30 am', '09:00 am', '08:30 am-09:00 am', 8, 9, 0, 'Wednesday', '2023-2024', 'Room 2', '1', 3, 27, 41),
(98, '10:30 am', '11:00 am', '10:30 am-11:00 am', 10, 11, 0, 'Friday', '2023-2024', 'Room 2', '1', 3, 31, 41),
(99, '07:00 am', '07:30 am', '07:00 am-07:30 am', 7, 7, 0, 'Monday', '2023-2024', 'Room 3', '1', 6, 34, 42),
(100, '07:30 am', '08:00 am', '07:30 am-08:00 am', 7, 8, 0, 'Wednesday', '2023-2024', 'Room 3', '1', 6, 33, 42),
(101, '08:30 am', '09:00 am', '08:30 am-09:00 am', 8, 9, 0, 'Monday', '2023-2024', 'Room 3', '1', 6, 35, 42),
(102, '09:30 am', '10:00 am', '09:30 am-10:00 am', 9, 10, 0, 'Monday - Friday', '2023-2024', 'Room 3', '1', 6, 36, 42),
(103, '10:30 am', '11:00 am', '10:30 am-11:00 am', 10, 11, 0, 'Thursday', '2023-2024', 'Room 3', '1', 6, 38, 42),
(104, '07:00 am', '07:30 am', '07:00 am-07:30 am', 7, 7, 0, 'Wednesday', '2023-2024', 'Room 4', '1', 7, 39, 43),
(105, '08:00 am', '08:30 am', '08:00 am-08:30 am', 8, 8, 0, 'Monday', '2023-2024', 'Room 4', '1', 7, 41, 43),
(106, '01:00 pm', '01:30 pm', '01:00 pm-01:30 pm', 1, 1, 0, 'Monday', '2023-2024', 'Room 4', '1', 7, 43, 43),
(107, '01:30 pm', '02:00 pm', '01:30 pm-02:00 pm', 1, 2, 0, 'Wednesday', '2023-2024', 'Room 4', '1', 7, 44, 43),
(108, '02:00 pm', '02:30 pm', '02:00 pm-02:30 pm', 2, 2, 0, 'Monday', '2023-2024', 'Room 4', '1', 7, 45, 43),
(109, '07:00 am', '07:30 am', '07:00 am-07:30 am', 7, 7, 0, 'Monday', '2023-2024', 'Room 5', '1', 8, 47, 44),
(110, '07:30 am', '08:00 am', '07:30 am-08:00 am', 7, 8, 0, 'Monday', '2023-2024', 'Room 5', '1', 8, 48, 44),
(111, '09:00 am', '09:30 am', '09:00 am-09:30 am', 9, 9, 0, 'Wednesday', '2023-2024', 'Room 5', '1', 8, 49, 44),
(112, '10:00 am', '10:30 am', '10:00 am-10:30 am', 10, 10, 0, 'Monday', '2023-2024', 'Room 5', '1', 8, 50, 44),
(113, '10:30 am', '11:00 am', '10:30 am-11:00 am', 10, 11, 0, 'Friday', '2023-2024', 'Room 5', '1', 8, 52, 44),
(114, '08:00 am', '08:30 am', '08:00 am-08:30 am', 8, 8, 0, 'Monday', '2023-2024', 'Room 6', '1', 10, 60, 46),
(115, '08:30 am', '09:00 am', '08:30 am-09:00 am', 8, 9, 0, 'Tuesday', '2023-2024', 'Room 6', '1', 10, 62, 46),
(116, '09:00 am', '09:30 am', '09:00 am-09:30 am', 9, 9, 0, 'Wednesday', '2023-2024', 'Room 6', '1', 10, 64, 46),
(117, '09:30 am', '10:00 am', '09:30 am-10:00 am', 9, 10, 0, 'Friday', '2023-2024', 'Room 6', '1', 10, 65, 46),
(118, '10:00 am', '11:00 am', '10:00 am-11:00 am', 10, 11, 0, 'Friday', '2023-2024', 'Room 6', '1', 10, 66, 46),
(119, '07:00 am', '08:00 am', '07:00 am-08:00 am', 7, 8, 0, 'Monday', '2023-2024', 'Room 7', '1', 11, 72, 47),
(120, '08:00 am', '09:00 am', '08:00 am-09:00 am', 8, 9, 0, 'Tuesday', '2023-2024', 'Room 7', '1', 11, 68, 47),
(121, '09:00 am', '10:00 am', '09:00 am-10:00 am', 9, 10, 0, 'Wednesday', '2023-2024', 'Room 7', '1', 11, 69, 47),
(122, '01:00 pm', '02:00 pm', '01:00 pm-02:00 pm', 1, 2, 0, 'Friday', '2023-2024', 'Room 7', '1', 11, 71, 47),
(123, '02:00 pm', '03:00 pm', '02:00 pm-03:00 pm', 2, 3, 0, 'Friday', '2023-2024', 'Room 7', '1', 0, 0, 47),
(124, '02:00 pm', '03:00 pm', '02:00 pm-03:00 pm', 2, 3, 0, 'Thursday', '2023-2024', 'Room 7', '1', 11, 70, 47);

-- --------------------------------------------------------

--
-- Table structure for table `tblsitesettings`
--

CREATE TABLE `tblsitesettings` (
  `ID` int(11) NOT NULL,
  `Type` varchar(90) NOT NULL,
  `Description` text NOT NULL
) ENGINE=InnoDB DEFAULT CHARSET=latin1;

--
-- Dumping data for table `tblsitesettings`
--

INSERT INTO `tblsitesettings` (`ID`, `Type`, `Description`) VALUES
(1, 'SiteTitle', 'PHIL-ARK CHRISTIAN ACADEMY, INC.');

-- --------------------------------------------------------

--
-- Table structure for table `tblstuddetails`
--

CREATE TABLE `tblstuddetails` (
  `DETAIL_ID` int(11) NOT NULL,
  `GUARDIAN` varchar(255) NOT NULL,
  `GUARDIAN_ADDRESS` varchar(255) NOT NULL DEFAULT '-',
  `GCONTACT` varchar(40) NOT NULL,
  `IDNO` int(30) NOT NULL
) ENGINE=InnoDB DEFAULT CHARSET=latin1;

--
-- Dumping data for table `tblstuddetails`
--

INSERT INTO `tblstuddetails` (`DETAIL_ID`, `GUARDIAN`, `GUARDIAN_ADDRESS`, `GCONTACT`, `IDNO`) VALUES
(1, 'marishel', '-', '6677', 1000000214),
(2, 'Xena Paa', '-', '09519643434', 1000000215),
(3, 'Lorie', '-', '09202307979', 1000000216),
(4, 'lanie', '-', '09486462853', 1000000217),
(5, 'Monkey D. Dragon', '-', '09123456789', 1000000218),
(6, 'cha', '-', '09486462853', 1000000219),
(7, 'marishel', '-', '123', 1000000220),
(8, 'marishel', '-', '123', 1000000221),
(9, 'Lorie', '-', '123012730173', 1000000222),
(10, 'CHOCO', '-', '09123123823', 1000000223),
(11, 'wantutri', '-', '09359839219', 1000000224),
(12, 'guardian', '-', '12345678', 1000000225),
(13, 'kjk', '-', '35', 1000000226),
(14, 'kh', '-', '346', 1000000227),
(15, 'fgh', '-', '20260620600', 1000000228),
(16, 'fsd', '-', '1234', 1000000229),
(17, 'fghfgh', '-', '45665165151', 1000000230),
(18, 'fgj', '-', '23562376236', 1000000231),
(19, 'dfh', '-', '35535353535', 1000000232),
(20, 'bgf', '-', '12512512512', 1000000233),
(21, 'fg', '-', '12312312312', 1000000234),
(22, 'dfgdf', '-', '12541251251', 1000000235),
(23, 'asdasd', '-', '12412512561', 1000000236),
(24, 'TestGuardian', '-', '12312312312', 1000000237),
(25, 'sdf', '-', '12345678901', 1000000238),
(26, 'bfg', '-', '12342342362', 1000000239),
(27, 'as', '-', '12342342362', 1000000240),
(28, 'sd', '-', '12342342362', 1000000241),
(29, 'sdd', '-', '12342342362', 1000000242),
(30, 'assad', '-', '12342342362', 1000000243),
(31, 'bvdf', '-', '12342342362', 1000000244),
(32, 'svbds', '-', '1234567899845', 1000000245),
(33, 'marishel', '-', '0927177308412', 1000000246),
(34, 'qweeqe', '-', '0913123123121', 1000000247),
(35, 'Marishel', '-', '0927177308423', 1000000248),
(36, 'Glenda Dimaano', '-', '097867876787', 1000000249),
(37, 'Jaira Ramirez', '-', '0976767676711', 1000000250),
(38, 'marishel vigas', '-', '09271773084', 1000000251),
(39, 'cyntia dalida', '-', '09453748188', 1000000252),
(40, 'cyntia dalida', '-', '09231234555', 1000000253),
(41, 'Lesslie L. Razo', '-', '09480146460', 1000000254),
(42, 'Jenny D. Escaroz', '-', '09519640409', 1000000255),
(43, 'Lizel Cueto', '-', '09359022939', 1000000256),
(44, 'Lina Lizardo', '-', '09291319384', 1000000257),
(45, 'Noli Milagrosa', '-', '09971039811', 1000000258),
(46, 'Rea Milagros', '-', '09292310912', 1000000259),
(47, 'Lordes De Castro', '-', '09292319832', 1000000260),
(48, 'Noel zaballa', '-', '09297580329', 1000000261),
(49, 'Nora Morillo', '-', '09974983561', 1000000262),
(50, 'Joshua Flores', '-', '09394102937', 1000000263),
(51, 'David Chupas', '-', '09475982234', 1000000264),
(52, 'Melody Toloso', '-', '09586988239', 1000000265),
(53, 'Melody Toloso', '-', '09586988239', 1000000265),
(54, 'Jason Laqui', '-', '09972374236', 1000000267),
(55, 'Ruby B. Piodena', '-', '09486462853', 1000000266),
(56, 'Danny Sagiv', '-', '09376412381', 1000000268),
(57, 'Celestino Maldonado', '-', '09982371297', 1000000270),
(58, 'Jhoan Dipad', '-', '09371429412', 1000000271),
(59, 'Bryan Rollan', '-', '09758738343', 1000000272),
(60, 'Belen Castillo', '-', '09972374234', 1000000273),
(61, 'Lorina Pasahol', '-', '09384758934', 1000000274),
(62, 'David Hernandez', '-', '09972938651', 1000000275),
(63, 'Merchor dicen', '-', '09981293712', 1000000276),
(64, 'Sasha Germano', '-', '09902745292', 1000000277),
(65, 'Jason Cornejo', '-', '09973827372', 1000000278),
(66, 'Dave Masangkay', '-', '09971285691', 1000000279),
(67, 'Morillo Malabanan', '-', '09971293891', 1000000280),
(68, 'Denis Balbalec', '-', '09972103950', 1000000281),
(69, 'Mario Atienza', '-', '09978972313', 1000000282),
(70, 'Dennis Briones', '-', '09752832344', 1000000283),
(71, 'Nilo Ombao', '-', '09879127133', 1000000284),
(72, 'Arnilo Carp', '-', '09984293812', 1000000285),
(73, 'Liza T. Escaros ', '-', '09384512885', 1000000286),
(74, 'Mavic Reglos', '-', '09123456789', 1000000287),
(75, 'Mavic Reglos', '-', '09123456789', 1000000288),
(76, 'Elsey Cotillas', '-', '09123456789', 1000000289),
(77, 'marishel vigas', '-', '09271238812', 1000000290),
(78, 'marishel vigas', '-', '09171112333', 1000000291),
(79, 'marishel vigas', '-', '09271773084', 1000000292),
(80, 'Marilyn M. Dela Cruz', '-', '09519643434', 1000000293),
(81, 'Jenny Mendoza', '-', '09519640409', 1000000294),
(82, 'marishel vigas', '-', '09271773084', 1000000295),
(83, 'marishel vigas', '-', '09271773084', 1000000296),
(84, 'Allan Tacling', '-', '09123456789', 1000000297),
(85, 'Jinelle Tacling', '-', '09123456789', 1000000298),
(86, 'Ruby B. Piodena', '-', '09519643434', 1000000299),
(87, 'Lorie Bernal', '-', '09202307979', 1000000300),
(88, 'Delia Maldonado', '-', '09203823982', 1000000301),
(89, 'Marishel Vigas', '-', '09271773084', 1000000302),
(90, 'Ruby Piodena', '-', '09675412348', 1000000303),
(91, 'marishel vigas', '-', '09271773084', 1000000304),
(92, '123131', '-', '09090909999', 1000000305),
(93, 'Darwin Lacson', '-', '09455804650', 1000000306);

-- --------------------------------------------------------

--
-- Table structure for table `tblstudent`
--

CREATE TABLE `tblstudent` (
  `S_ID` int(11) NOT NULL,
  `IDNO` int(20) NOT NULL DEFAULT 0,
  `FNAME` varchar(40) NOT NULL DEFAULT '-',
  `LNAME` varchar(40) NOT NULL DEFAULT '-',
  `MNAME` varchar(40) NOT NULL DEFAULT '-',
  `Suffix` varchar(30) NOT NULL,
  `SEX` varchar(10) NOT NULL DEFAULT 'Male',
  `BDAY` date NOT NULL,
  `BPLACE` text NOT NULL,
  `STATUS` varchar(30) NOT NULL DEFAULT '-',
  `AGE` int(30) NOT NULL DEFAULT 0,
  `NATIONALITY` varchar(40) NOT NULL DEFAULT '-',
  `RELIGION` varchar(255) NOT NULL DEFAULT '-',
  `CONTACT_NO` varchar(40) NOT NULL DEFAULT '-',
  `HOME_ADD` text NOT NULL,
  `ACC_USERNAME` varchar(255) NOT NULL DEFAULT '-',
  `ACC_EMAIL` varchar(100) NOT NULL,
  `BIRTHCERT` text NOT NULL,
  `ACC_PASSWORD` text NOT NULL,
  `student_status` text NOT NULL,
  `YEARLEVEL` int(11) NOT NULL DEFAULT 0,
  `STUDSECTION` int(11) NOT NULL DEFAULT 0,
  `COURSE_ID` int(11) NOT NULL DEFAULT 0,
  `STUDPHOTO` varchar(255) NOT NULL DEFAULT '-',
  `SEMESTER` varchar(30) NOT NULL DEFAULT '-',
  `SYEAR` varchar(30) NOT NULL DEFAULT '-',
  `NewEnrollees` tinyint(1) NOT NULL DEFAULT 0,
  `ENROLLED` tinyint(1) NOT NULL DEFAULT 0,
  `CODE` varchar(100) NOT NULL
) ENGINE=InnoDB DEFAULT CHARSET=latin1;

--
-- Dumping data for table `tblstudent`
--

INSERT INTO `tblstudent` (`S_ID`, `IDNO`, `FNAME`, `LNAME`, `MNAME`, `Suffix`, `SEX`, `BDAY`, `BPLACE`, `STATUS`, `AGE`, `NATIONALITY`, `RELIGION`, `CONTACT_NO`, `HOME_ADD`, `ACC_USERNAME`, `ACC_EMAIL`, `BIRTHCERT`, `ACC_PASSWORD`, `student_status`, `YEARLEVEL`, `STUDSECTION`, `COURSE_ID`, `STUDPHOTO`, `SEMESTER`, `SYEAR`, `NewEnrollees`, `ENROLLED`, `CODE`) VALUES
(37, 1000000250, 'Maliya Anna', 'Ramirez', 'M', '', 'Female', '2000-10-17', 'lipa city, Batangas', '-', 0, 'Filipino', 'Roman Catholic', '09876567876', 'lipa city, Batangas ', 'Maria', 'ramirezjaira@gmail.com', 'birthCert-63b1320cb8c1b4.15064465.jpeg', '', 'New', 1, 1, 1, '-', '-', '-', 0, 1, ''),
(40, 1000000253, 'charlse', 'dalida', 'b', 'jr.', 'Male', '2005-02-02', 'lipa city', '-', 0, 'filipino', 'catholic', '09282938291', 'marawoy lipa city', 'charles', 'darwinvigas@gmail.com', 'birthCert-63b151ae4572e6.64536745.png', '40bd001563085fc35165329ea1ff5c5ecbdbbeef', 'New', 1, 1, 1, '-', '-', '-', 0, 1, 'zjao28'),
(41, 1000000254, 'Rica Lesslie', 'Razo', 'L', '', 'Female', '2016-08-22', 'Poblacion, Balete Batangas', '-', 0, 'Filipino', 'Roman Catholic', '09388734045', 'Bubuyan, Mataasnakahoy Batangas', 'rica', 'xenapaulamendoza@gmail.com', 'birthCert-63b1783a5f9aa1.55161962.jpg', 'b4550c18938bb5171dac1c545c275bd54c315adb', 'New', 1, 1, 1, 'student_image/321799800_465044659175696_1881466113240352820_n.jpg', '-', '-', 0, 1, '8h7ZZW'),
(42, 1000000255, 'Gabriel', 'Atienza', 'E', '', 'Male', '2013-08-16', 'Poblacion, Balete Batangas', '-', 0, 'Filipino', 'Roman Catholic', '09486462853', 'Purok 2, Lodlod, Lipa City Batangas', 'gabriel', 'azodnemanex@gmail.com', 'birthCert-63b182004cd7c3.72596526.jpg', '1c430be205975825582f7c0fa1a32aa2498ffd04', 'Transferee', 9, 1, 9, 'student_image/321667586_852639692458071_5858839302299551756_n.jpg', '', '-', 0, 1, ''),
(43, 1000000256, 'Mike', 'Cueto', 'L', '', 'Male', '2018-01-01', 'Lipa City', '-', 0, 'Filipino', 'Roman Catholic', '09972003918', 'lodlod, lipa city, Batangas', 'Mikeliendon', 'mikeliendon@gmail.com', 'birthCert-63b25a1d8aec88.83141591.jpeg', 'd6ac022931a66a2bcc244db91818ebec76ce5e18', 'New', 1, 1, 1, '-', '-', '-', 0, 1, ''),
(44, 1000000257, 'Lyka', 'Lizardo', 'D', '', 'Female', '2018-10-02', 'Lipa City', '-', 0, 'Filipino', 'Roman catholic', '09291823812', 'Sabang ,Lipa City ,Batangas', 'Lykalizardo', 'lizardolyka3@gmail.com', 'birthCert-63b25b35208340.07431094.jpg', '1442004211d8d5a2c87c5f67807f8b690ede7489', 'New', 1, 1, 1, '-', '-', '-', 0, 1, ''),
(45, 1000000258, 'Nina', 'Milagrosa', 'C', '', 'Female', '2018-09-20', 'Lipa City', '-', 0, 'Filipino', 'Roman catholic', '09391289349', 'Sabang ,Lipa City ,Batangas', 'NinaMilagrosa', 'ninamilagrosaaa1@gmail.com', 'birthCert-63b25c4f2974e5.62904959.jpg', 'f4904bf63ad45948ff1f41bb19581df251dcc552', 'New', 1, 1, 1, '-', '-', '-', 0, 1, ''),
(46, 1000000259, 'Ayena', 'Milagros', 'A', '', 'Female', '2018-03-02', 'Lipa City', '-', 0, 'Filipino', 'Roman catholic', '09390932802', 'Tambo Lipa City Batangas', 'Ayenamilagros', 'uriyena1485@gmail.com', 'birthCert-63b25e504e7949.41066833.jpg', 'a024493ad9f865492409891d02ebe71e3b7b9de8', 'New', 1, 1, 1, '-', '-', '-', 0, 1, ''),
(47, 1000000260, 'Reign', 'De Castro', 'G', '', 'Female', '2018-02-09', 'Lipa City', '-', 0, 'Filipino', 'Roman catholic', '09382018023', 'Lipa City, Batangas', 'Reignfell', 'reignfell11@gmail.com', 'birthCert-63b2632e352b96.46509392.jpg', '23d656cc76a8c0d5c42b93aabd0d5efc056582d5', 'New', 1, 1, 1, '-', '-', '-', 0, 1, ''),
(48, 1000000261, 'Reden', 'zaballa', 'D', 'Jr', 'Female', '2018-07-01', 'Lipa City', '-', 0, 'Filipino', 'Roman catholic', '09391823802', 'lodlod lipa city batangas', 'zaballareden', 'zaballareden3@gmail.com', 'birthCert-63b2639b8003f5.69222165.jpg', '042438995cfdd612d585dcdfd0fcdfec5bef6c13', 'New', 1, 1, 1, '-', '-', '-', 0, 1, ''),
(49, 1000000262, 'jericho', 'morillo', 'R', '', 'Female', '2018-03-10', 'Lipa City', '-', 0, 'Filipino', 'Roman catholic', '09973899210', 'Tambo Lipa City Batangas', 'Jerichomorillo', 'morillojericho19@gmail.com', 'birthCert-63b26431c260a0.52172070.jpg', '62f96bddb7045b139b2f8c964fa8d7d73a76deb3', 'New', 1, 1, 1, '-', '-', '-', 0, 1, ''),
(50, 1000000263, 'Joshua', 'Flores', 'F', 'jr', 'Male', '2018-11-29', 'Lipa City', '-', 0, 'Filipino', 'Roman catholic', '09284209657', 'Lipa City, Batangas', 'Joshuaflores', 'joshuaflores1300@gmail.com', 'birthCert-63b264f67fe2d4.43980002.jpg', 'a9a2e8456bf9d58e91fe91cbfe10cad5211216c2', 'New', 1, 1, 1, '-', '-', '-', 0, 1, ''),
(51, 1000000264, 'Jalca', 'Chupas', 'R', '', 'Female', '2017-12-03', 'Lipa City', '-', 0, 'Filipino', 'Roman catholic', '09384202810', 'Lipa City, Batangas', 'Jalcachupas', 'jalcachupas20@gmail.com', 'birthCert-63b267d2909d77.55328376.jpg', '6232a121def99dae7b16bfb0a2c8db61771568af', 'New', 1, 1, 1, '-', '-', '-', 0, 1, ''),
(52, 1000000265, 'Anika', 'Toloso', 'I', '', 'Female', '2001-03-19', 'Lipa City, Batangas', '-', 0, 'Filipino', 'Roman Catholic', '09123665054', 'Lipa City, Batangas ', 'anika', 'melodytoloso@gmail.com', 'birthCert-63b26d9f959566.78385242.jpg', 'c58901af3ac751f778e3f1cf5dbb7aba920e8f0c', 'New', 1, 1, 1, '-', '-', '-', 0, 1, ''),
(54, 1000000267, 'Jason', 'Laqui', 'C', 'JR', 'Male', '2018-01-02', 'Lipa City', '-', 0, 'Filipino', 'Roman catholic', '09977453958', 'Tambo Lipa City Batangas', 'Jasonlaqui', 'jasonlaqui2124@gmail.com', 'birthCert-63b26fa86ebfd4.19600338.jpg', 'e7e312fea4c2c1aad2bb075d739111890e1ce08b', 'New', 1, 1, 1, '-', '-', '-', 0, 1, ''),
(56, 1000000268, 'nirad', 'sagiv', 'G', '', 'Male', '2018-11-20', 'Lipa City', '-', 0, 'Filipino', 'Roman catholic', '09830824208', 'Lipa City, Batangas', 'niradsagiv', 'niradsagiv@gmail.com', 'birthCert-63b26fffd73302.30993603.jpg', 'fa53076b825531cd030919d97d2d300c80c291ae', 'New', 1, 1, 1, '-', '-', '-', 0, 1, ''),
(57, 1000000270, 'Celestino', 'Maldonado', 'M', 'Jr', 'Female', '2017-11-28', 'Lipa City', '-', 0, 'Filipino', 'Roman catholic', '09972368123', 'lodlod lipa city batangas', 'Arjaymaldonado', 'arjaymaldonado7@gmail.com', 'birthCert-63b2708356c6a6.58889992.jpg', 'f7204d1b1478f165ceb98edd3b8811b31bc7b6c1', 'New', 1, 1, 1, '-', '-', '-', 0, 1, ''),
(58, 1000000271, 'Jhozen', 'Dipad', 'M', '', 'Female', '2017-02-05', 'Lipa City', '-', 0, 'Filipino', 'Roman catholic', '09371429412', 'Lipa City, Batangas', 'Jhozendipad', 'jhozen23@gmail.com', 'birthCert-63b27347d350d9.19391033.jpg', '25e2d663550b8401fc89f3e8e446533086519e41', 'New', 1, 1, 1, '-', '-', '-', 0, 1, ''),
(59, 1000000272, 'Byron Jagonoy', 'Rollan', 'R', '', 'Female', '2017-10-20', 'Lipa City', '-', 0, 'Filipino', 'Roman catholic', '09983213812', 'Tambo Lipa City Batangas', 'Byronjagonoy', 'byronjagonoyrollan21@gmail.com', 'birthCert-63b278be108856.42471038.jpg', '76f0ab30e0430e89831b85eefd2d9b9cff503ad5', 'New', 1, 1, 1, '-', '-', '-', 0, 1, ''),
(60, 1000000273, 'Jhamaein', 'castillo', 'S', '', 'Female', '2017-03-29', 'Lipa City', '-', 0, 'Filipino', 'Roman catholic', '09748232415', 'Sabang ,Lipa City ,Batangas', 'Jhamaein', 'jhamaein.castillo07@gmail.com', 'birthCert-63b27925cda1d4.54500711.jpg', 'a55a3491e1ca18ba03cbe4be101ff0a8336be19c', 'New', 1, 1, 1, '-', '-', '-', 0, 1, ''),
(61, 1000000274, 'melvin', 'pasahol', 'M', '', 'Male', '2017-03-12', 'Lipa City', '-', 0, 'Filipino', 'Roman catholic', '09791283912', 'Tambo Lipa City Batangas', 'Melvinpasahol', 'pasaholmagalingmelvin@gmail.com', 'birthCert-63b279958ccdc3.06187485.jpg', 'd2a3809825f8181595f3c44594b21acb9dd4f95b', 'New', 1, 1, 1, '-', '-', '-', 0, 1, ''),
(62, 1000000275, 'Honey Grace', 'Hernandez', 'L', '', 'Female', '2018-01-02', 'Lipa City', '-', 0, 'Filipino', 'Roman catholic', '09972198459', 'lodlod lipa city', 'Honeygrace', 'honeygrace117@gmail.com', 'birthCert-63b27a0ed2d4e6.30094229.jpg', '01c95267dd2972bc29add243b05a8d514d510d68', 'New', 1, 1, 1, '-', '-', '-', 0, 1, ''),
(63, 1000000276, 'Aila Marie', 'Dicen', 'M', '', 'Female', '2017-05-02', 'Lipa City', '-', 0, 'Filipino', 'Roman catholic', '09974183918', 'Tambo Lipa City Batangas', 'Aylamarie', 'aylaaaaa489@gmail.com', 'birthCert-63b27a6af13a45.71380920.jpg', '48882466da183858bf86edff7fd2f0d197c80a50', 'New', 1, 1, 1, '-', '-', '-', 0, 1, ''),
(64, 1000000277, 'Sarah Mae', 'germano', 'M', '', 'Female', '2017-12-01', 'Lipa City', '-', 0, 'Filipino', 'Roman catholic', '09947123896', 'Sabang ,Lipa City ,Batangas', 'Sarahmae', 'germanosarahmae@gmail.com', 'birthCert-63b27b04a01200.41612146.jpg', 'd24e087f504af9366c8376d8a7143821dfd38427', 'New', 1, 1, 1, '-', '-', '-', 0, 1, ''),
(65, 1000000278, 'laurice', 'cornejo', 'C', '', 'Female', '2017-03-02', 'Lipa City', '-', 0, 'Filipino', 'Roman catholic', '09977123102', 'Tambo Lipa City Batangas', 'Lauricecornejo', 'laurice.cornejo00331@gmail.com', 'birthCert-63b27b790eeb56.93749293.jpg', '8e55f39d281c51c7397c1a9024a762d29d51d2c6', 'New', 1, 1, 1, '-', '-', '-', 0, 1, ''),
(66, 1000000279, 'alyanna', 'masangkay', 'S', '', 'Female', '2017-02-04', 'Lipa City', '-', 0, 'Filipino', 'Roman catholic', '09974981237', 'Tambo Lipa City Batangas', 'masangkayAlyanna', 'masangkay.alyanna@gmail.com', 'birthCert-63b27c3f04f2c7.98180686.jpg', 'f3b22070a841221887997efaa544c267de4d48eb', 'New', 1, 1, 1, '-', '-', '-', 0, 1, ''),
(67, 1000000280, 'Francis', 'malabanan', 'C', '', 'Male', '2010-11-01', 'Lipa City', '-', 0, 'Filipino', 'Roman catholic', '09971293891', 'Tambo Lipa City Batangas', 'francismalabanan', 'malabananfrancis9@gmail.com', 'birthCert-63b27da2eb70b2.60796545.jpg', '', 'Transferee', 10, 1, 10, '-', '', '-', 0, 1, ''),
(68, 1000000281, 'Jack', 'balbalec', 'D', '', 'Male', '2009-01-03', 'Lipa City', '-', 0, 'Filipino', 'Roman catholic', '09972003939', 'Lipa City, Batangas', 'Balbalecjack', 'balbalecjack399@gmail.com', 'birthCert-63b27e310952d9.18628991.jpg', 'bc5351ffae3efe8067951f5deba4b294bf863f86', 'Transferee', 11, 1, 11, '-', '', '-', 0, 1, ''),
(69, 1000000282, 'Jhang', 'Atienza', 'F', '', 'Female', '2011-03-20', 'Lipa City', '-', 0, 'Filipino', 'Roman catholic', '09971084574', 'Tambo Lipa City Batangas', 'Jhangbriatienza', 'jhangbriatienza@gmail.com', 'birthCert-63b27ee80781e1.43438538.jpg', '0507e8449b0d005bf64bca9598e753d81e79df48', 'Transferee', 9, 1, 9, '-', '', '-', 0, 1, ''),
(70, 1000000283, 'Jayce', 'Briones', 'D', '', 'Male', '2012-06-03', 'Lipa City', '-', 0, 'Filipino', 'Roman catholic', '09978912123', 'Sabang ,Lipa City ,Batangas', 'Jaycebriones', 'jayyycce3@gmail.com', 'birthCert-63b27f623f38b0.65434629.jpg', 'ec09c0c2c6c855aea4d7ed02f38bed8b0c8c280e', 'Transferee', 8, 1, 8, '-', '', '-', 0, 1, ''),
(71, 1000000284, 'Jam', 'Ombao', 'F', '', 'Female', '2013-07-20', 'Lipa City', '-', 0, 'Filipino', 'Roman catholic', '09947923712', 'Tambo Lipa City Batangas', 'Jamombao', 'jamombao12@gmail.com', 'birthCert-63b2809323c354.56534617.jpg', '9d0eb3ad554bcf741ec708559e3ce1993f0df9f1', 'Transferee', 10, 1, 10, '-', '', '-', 0, 1, ''),
(72, 1000000285, 'Zseth', 'Carp', 'A', '', 'Female', '2012-01-02', 'Lipa City', '-', 0, 'Filipino', 'Roman catholic', '09984293857', 'Sabang ,Lipa City ,Batangas', 'Zsethcarp', 'zseth.carp@gmail.com', 'birthCert-63b281ab3dcc28.26473464.jpg', 'a325c7785d1b6d9d47bd092353d37e8b9e574009', 'Transferee', 10, 1, 10, '-', '', '-', 0, 1, ''),
(73, 1000000286, 'Jao', 'Escaros', 'T', '', 'Female', '2014-03-23', 'Pangao, Lipa City Batangas ', '-', 0, 'Filipino', 'Roman Catholic', '09461875247', 'Pangao, Lipa City Batangas ', 'jao', 'xenapaulabuenaagua@gmail.com', 'birthCert-63b295470a8636.82027611.jpg', 'abb761d9af1c9fd2af06a695bd4b727fac141af8', 'Transferee', 9, 1, 9, '-', '', '-', 0, 1, ''),
(74, 1000000287, 'Xian', 'Reglos', '', '', 'Male', '2012-01-02', 'Lipa City', '-', 0, 'Filipino', 'Roman Catholic', '09123456786', 'Brgy 7, Lipa City', 'Xian', 'xianreglos@gmail.com', 'birthCert-63b2970c731701.43929755.jpeg', '6fbfe9816593768678c4b703f759e3e97b6d6876', 'Transferee', 9, 1, 9, '-', '', '-', 0, 1, ''),
(75, 1000000288, 'Patricia', 'Reglos', '', '', 'Female', '2011-01-03', 'Lipa City', '-', 0, 'Filipino', 'Roman Catholic', '09123456789', 'Brgy 7, Lipa City', 'Patricia', 'patriciareglos@gmail.com', 'birthCert-63b297a4cbc559.39709560.jpg', '821ea831428662af3af450ce99857fe78edea5a1', 'Transferee', 8, 1, 8, '-', '', '-', 0, 1, ''),
(76, 1000000289, 'Audrey ', 'Cotillas', '', '', 'Female', '2010-01-18', 'Lipa City', '-', 0, 'Filipino', 'Roman Catholic', '09123456789', 'City Park , Lipa City', 'Audrey', 'audreycotillas@gmail.com', 'birthCert-63b29859da6f01.95534366.jpg', '63fc7685a81458962ee92125081d3b9985374382', 'Transferee', 11, 1, 11, '-', '', '-', 0, 1, ''),
(77, 1000000290, 'darin', 'vigas', 'd', '', 'Male', '2002-03-13', 'lipa city', '-', 0, 'filipino', 'catholic', '09451231234', '066 marawoy lipa city', 'darin', 'darwinvigas@gmail.com', 'birthCert-63b2eb0df04071.60391411.png', '40bd001563085fc35165329ea1ff5c5ecbdbbeef', 'New', 1, 1, 1, '-', '-', '-', 0, 1, ''),
(79, 1000000292, 'darwin', 'vigas', 'd', '', 'Male', '2001-01-05', 'lipa city', '-', 0, 'filipino', 'catholic', '09271773084', 'marawoy lipa city', 'darwin', 'darwinvigas@gmail.com', 'birthCert-63b2fbd009c541.67160782.png', '40bd001563085fc35165329ea1ff5c5ecbdbbeef', 'Regular', 3, 1, 3, '-', '-', '-', 0, 0, ''),
(81, 1000000294, 'Warren', 'Mendoza', 'B', '', 'Male', '2013-10-04', 'Poblacion, Balete Batangas', '-', 0, 'Filipino', 'Roman Catholic', '09486462853', 'Brgy 7, Lipa City Batangas', 'warren', 'xenapaulamendoza@gmail.com', 'birthCert-63b3e60705e9e4.92625027.jpg', '5cb138284d431abd6a053a56625ec088bfb88912', 'Regular', 10, 1, 10, '-', '', '-', 0, 1, ''),
(82, 1000000295, 'chrisel', 'dalida', 'b', '', 'Female', '2001-01-05', 'lipa city', '-', 0, 'filipino', 'catholic', '09271773084', 'marawoy lipa city', 'chrisel', 'darwinvigas@gmail.com', 'birthCert-63b503e56ba4a9.56885990.png', '40bd001563085fc35165329ea1ff5c5ecbdbbeef', 'Transferee', 9, 1, 9, '-', '', '-', 0, 1, ''),
(83, 1000000296, 'andrei', 'dalida', 'b', '', 'Male', '2001-01-05', 'lipa city', '-', 0, 'filipino', 'catholic', '09271773084', 'marawoy lipa city', 'andrei', 'darwinvigas@gmail.com', 'birthCert-63b584c68c6165.88610168.png', '40bd001563085fc35165329ea1ff5c5ecbdbbeef', 'Regular', 2, 1, 2, '-', '-', '-', 0, 1, ''),
(84, 1000000297, 'Jinelle', 'Tacling', 'T', '', 'Female', '2010-03-19', 'Lipa City', '-', 0, 'Filipino', 'Roman Catholic', '09123456789', 'Lipa City', 'jinelley', 'jinelletolosatacling@gmail.com', 'birthCert-63b681fbdca0f3.12137154.png', '', 'Regular', 3, 1, 3, '-', '-', '-', 0, 1, ''),
(85, 1000000298, 'Allan', 'Tacling', 'T', 'Jr', 'Female', '2010-03-19', 'Lipa City', '-', 0, 'Filipino', 'Roman Catholic', '09123456789', 'Lipa City', 'allan', 'carbamark@gmail.com', 'birthCert-63b6875a367d59.01666123.png', '3467d2f86b976ae9f474f73a80f3bfe04b85d8af', 'Regular', 8, 1, 8, 'student_image/61db5216be04f85ce131c92fff3becc8 (1).jpg', '', '-', 0, 1, ''),
(86, 1000000299, 'Princess Thea Kristina', 'Piodena', 'B', '', 'Female', '2014-12-09', 'Poblacion, Balete Batangas', '-', 0, 'Filipino', 'Roman Catholic', '09486462853', 'Puro 2, Lodlod Lipa City, Batangas', 'thea', 'xenapaulamendoza@gmail.com', 'birthCert-63b6c4470e9fb2.84781633.jpg', 'b49a5780a99ea81284fc0746a78f84a30e4d5c73', 'Transferee', 8, 1, 8, 'student_image/323145482_705018434523168_7680197198538614330_n.jpg', '', '-', 0, 1, ''),
(87, 1000000300, 'Joebert', 'Bernal', 'M', '', 'Male', '2001-01-07', 'Lipa City', '-', 0, 'Filipino', 'Roman catholic', '09972608624', 'Lipa City, Batangas', 'Joebert', 'joebertxd07@gmail.com', 'birthCert-63b6d95f1674f0.63740036.jpeg', '40bd001563085fc35165329ea1ff5c5ecbdbbeef', 'Regular', 2, 1, 3, 'student_image/...jpeg', '-', '-', 1, 0, ''),
(88, 1000000301, 'arjay', 'maldonado', 'M', '', 'Male', '2016-01-05', 'Lipa City', '-', 0, 'Filipino', 'Roman catholic', '09203139283', 'Lipa City, Batangas', 'Arjay', 'carbamark@gmail.com', 'birthCert-63b6dda24ab2a0.50652711.jpeg', '40bd001563085fc35165329ea1ff5c5ecbdbbeef', 'Transferee', 7, 1, 7, '-', '', '-', 0, 1, ''),
(89, 1000000302, 'Cyntia', 'Dalida', 'B', '', 'Female', '2011-01-06', 'Lipa', '-', 0, 'Filipino', 'Catholic', '09271773084', 'Marwoy Lipa City', 'cyntia', 'darwin.vigas@g.batstate-u.edu.ph', 'birthCert-63b7931dcddfb0.30437978.jpg', '40bd001563085fc35165329ea1ff5c5ecbdbbeef', 'Regular', 2, 1, 2, '-', '-', '-', 0, 1, ''),
(90, 1000000303, 'Sarah', 'Mendoza', 'M', '', 'Female', '2014-10-12', 'Lipa City, Batangas', '-', 0, 'Filipino', 'Catholic', '09519643434', 'Lipoa City, batangas', 'sarah', 'darwin.vigas@g.batstate-u.edu.ph', 'birthCert-63b79986f21f81.61384728.jpg', '063f68c867aa929406aec0a3d663131b17311e5a', 'Transferee', 10, 1, 10, '-', '', '-', 0, 1, ''),
(91, 1000000304, 'snow', 'faith', 'd', '', 'Female', '2011-01-05', 'lipa city', '-', 0, 'filipino', 'catholic', '09271773084', 'marawoy lipa city', 'snow', 'darwinvigas@gmail.com', 'birthCert-63bb78e155b088.98170471.png', 'b49a5780a99ea81284fc0746a78f84a30e4d5c73', 'Regular', 1, 1, 1, '-', '-', '-', 0, 0, ''),
(92, 1000000305, 'maria', 'dimaano', 'M', '', 'Female', '1977-03-10', 'malvar', '-', 0, 'Filipino', 'Catholic', '09096313899', 'Malvar ', 'user', 'dimaanomariaisabelle@gmail.com', 'birthCert-63e604993c4807.41676641.png', '8cb2237d0679ca88db6464eac60da96345513964', 'Regular', 1, 1, 1, '-', '-', '-', 1, 0, ''),
(93, 1000000306, 'juan ', 'dela cruz', 'M', '', 'Male', '1974-06-04', 'Las pinas Manila', '-', 0, 'Filipino', 'Roman Catholic', '09455804650', 'Malvar ', 'juan', 'carbamark@gmail.com', 'birthCert-63eae7f13f2ec6.76897997.jpg', 'b49a5780a99ea81284fc0746a78f84a30e4d5c73', 'Transferee', 11, 1, 11, '-', '', '-', 0, 1, '');

-- --------------------------------------------------------

--
-- Table structure for table `useraccounts`
--

CREATE TABLE `useraccounts` (
  `ACCOUNT_ID` int(11) NOT NULL,
  `ACCOUNT_NAME` varchar(255) NOT NULL DEFAULT '-',
  `ACCOUNT_USERNAME` varchar(255) NOT NULL DEFAULT '-',
  `ACCOUNT_PASSWORD` text NOT NULL,
  `ACCOUNT_TYPE` varchar(30) NOT NULL DEFAULT '-',
  `EMPID` int(11) NOT NULL DEFAULT 0,
  `ACC_EMAIL` varchar(100) NOT NULL,
  `CODE` varchar(20) NOT NULL,
  `USERIMAGE` varchar(255) NOT NULL DEFAULT '-'
) ENGINE=InnoDB DEFAULT CHARSET=latin1;

--
-- Dumping data for table `useraccounts`
--

INSERT INTO `useraccounts` (`ACCOUNT_ID`, `ACCOUNT_NAME`, `ACCOUNT_USERNAME`, `ACCOUNT_PASSWORD`, `ACCOUNT_TYPE`, `EMPID`, `ACC_EMAIL`, `CODE`, `USERIMAGE`) VALUES
(1, 'Blenor L. Limon,LPT', 'Blenor_Limon', 'b84ca05911056f8d7350bbd67d04d9842d53228b', 'Administrator', 1234, 'blenor1112992@gmail.com', 'gWAcdm', 'photos/LoginRed.jpg'),
(9, 'Blenor L. Limon, LPT', 'Blenor', '7ff99e06d22b35bf47bfa427c7bc0a5fad73b7e2', 'Registrar', 0, 'philarkchristianacademy.inc@gmail.com', '', '-');

--
-- Indexes for dumped tables
--

--
-- Indexes for table `course`
--
ALTER TABLE `course`
  ADD PRIMARY KEY (`COURSE_ID`);

--
-- Indexes for table `grades`
--
ALTER TABLE `grades`
  ADD PRIMARY KEY (`GRADE_ID`),
  ADD KEY `IDNO` (`IDNO`);

--
-- Indexes for table `schoolyr`
--
ALTER TABLE `schoolyr`
  ADD PRIMARY KEY (`SYID`),
  ADD KEY `IDNO` (`IDNO`);

--
-- Indexes for table `studentschedule`
--
ALTER TABLE `studentschedule`
  ADD PRIMARY KEY (`CLASS_ID`),
  ADD KEY `IDNO` (`IDNO`),
  ADD KEY `schedID` (`schedID`);

--
-- Indexes for table `studentsubjects`
--
ALTER TABLE `studentsubjects`
  ADD PRIMARY KEY (`STUDSUBJ_ID`),
  ADD KEY `IDNO` (`IDNO`),
  ADD KEY `SUBJ_ID` (`SUBJ_ID`);

--
-- Indexes for table `subject`
--
ALTER TABLE `subject`
  ADD PRIMARY KEY (`SUBJ_ID`),
  ADD KEY `COURSE_ID` (`COURSE_ID`);

--
-- Indexes for table `tblauto`
--
ALTER TABLE `tblauto`
  ADD PRIMARY KEY (`ID`),
  ADD KEY `autocode` (`autocode`);

--
-- Indexes for table `tblinstructor`
--
ALTER TABLE `tblinstructor`
  ADD PRIMARY KEY (`INST_ID`);

--
-- Indexes for table `tbllogs`
--
ALTER TABLE `tbllogs`
  ADD PRIMARY KEY (`LOGID`);

--
-- Indexes for table `tblschedule`
--
ALTER TABLE `tblschedule`
  ADD PRIMARY KEY (`schedID`),
  ADD KEY `COURSE_ID` (`COURSE_ID`),
  ADD KEY `SUBJ_ID` (`SUBJ_ID`);

--
-- Indexes for table `tblsitesettings`
--
ALTER TABLE `tblsitesettings`
  ADD PRIMARY KEY (`ID`);

--
-- Indexes for table `tblstuddetails`
--
ALTER TABLE `tblstuddetails`
  ADD PRIMARY KEY (`DETAIL_ID`),
  ADD KEY `IDNO` (`IDNO`);

--
-- Indexes for table `tblstudent`
--
ALTER TABLE `tblstudent`
  ADD PRIMARY KEY (`S_ID`),
  ADD UNIQUE KEY `IDNO` (`IDNO`);

--
-- Indexes for table `useraccounts`
--
ALTER TABLE `useraccounts`
  ADD PRIMARY KEY (`ACCOUNT_ID`),
  ADD UNIQUE KEY `ACCOUNT_USERNAME` (`ACCOUNT_USERNAME`);

--
-- AUTO_INCREMENT for dumped tables
--

--
-- AUTO_INCREMENT for table `course`
--
ALTER TABLE `course`
  MODIFY `COURSE_ID` int(11) NOT NULL AUTO_INCREMENT, AUTO_INCREMENT=15;

--
-- AUTO_INCREMENT for table `grades`
--
ALTER TABLE `grades`
  MODIFY `GRADE_ID` int(11) NOT NULL AUTO_INCREMENT, AUTO_INCREMENT=523;

--
-- AUTO_INCREMENT for table `schoolyr`
--
ALTER TABLE `schoolyr`
  MODIFY `SYID` int(11) NOT NULL AUTO_INCREMENT, AUTO_INCREMENT=104;

--
-- AUTO_INCREMENT for table `studentschedule`
--
ALTER TABLE `studentschedule`
  MODIFY `CLASS_ID` int(11) NOT NULL AUTO_INCREMENT;

--
-- AUTO_INCREMENT for table `studentsubjects`
--
ALTER TABLE `studentsubjects`
  MODIFY `STUDSUBJ_ID` int(11) NOT NULL AUTO_INCREMENT, AUTO_INCREMENT=523;

--
-- AUTO_INCREMENT for table `subject`
--
ALTER TABLE `subject`
  MODIFY `SUBJ_ID` int(11) NOT NULL AUTO_INCREMENT, AUTO_INCREMENT=76;

--
-- AUTO_INCREMENT for table `tblauto`
--
ALTER TABLE `tblauto`
  MODIFY `ID` int(11) NOT NULL AUTO_INCREMENT, AUTO_INCREMENT=5;

--
-- AUTO_INCREMENT for table `tblinstructor`
--
ALTER TABLE `tblinstructor`
  MODIFY `INST_ID` int(11) NOT NULL AUTO_INCREMENT, AUTO_INCREMENT=50;

--
-- AUTO_INCREMENT for table `tbllogs`
--
ALTER TABLE `tbllogs`
  MODIFY `LOGID` int(11) NOT NULL AUTO_INCREMENT, AUTO_INCREMENT=784;

--
-- AUTO_INCREMENT for table `tblschedule`
--
ALTER TABLE `tblschedule`
  MODIFY `schedID` int(11) NOT NULL AUTO_INCREMENT, AUTO_INCREMENT=126;

--
-- AUTO_INCREMENT for table `tblsitesettings`
--
ALTER TABLE `tblsitesettings`
  MODIFY `ID` int(11) NOT NULL AUTO_INCREMENT, AUTO_INCREMENT=2;

--
-- AUTO_INCREMENT for table `tblstuddetails`
--
ALTER TABLE `tblstuddetails`
  MODIFY `DETAIL_ID` int(11) NOT NULL AUTO_INCREMENT, AUTO_INCREMENT=94;

--
-- AUTO_INCREMENT for table `tblstudent`
--
ALTER TABLE `tblstudent`
  MODIFY `S_ID` int(11) NOT NULL AUTO_INCREMENT, AUTO_INCREMENT=94;

--
-- AUTO_INCREMENT for table `useraccounts`
--
ALTER TABLE `useraccounts`
  MODIFY `ACCOUNT_ID` int(11) NOT NULL AUTO_INCREMENT, AUTO_INCREMENT=10;
COMMIT;

/*!40101 SET CHARACTER_SET_CLIENT=@OLD_CHARACTER_SET_CLIENT */;
/*!40101 SET CHARACTER_SET_RESULTS=@OLD_CHARACTER_SET_RESULTS */;
/*!40101 SET COLLATION_CONNECTION=@OLD_COLLATION_CONNECTION */;
